ID,taxon,abundance,variable,value,fold
BB1/9,Baetidae,0,Temperature,26.46,development
BB1/9,Baetidae,0,Conductivity,142,development
BB1/9,Baetidae,0,pH,7.2,development
BB1/9,Baetidae,0,Chlorophyll,29.73,development
BB1/9,Baetidae,0,Cl-,8.63,development
BB1/9,Baetidae,0,DO,5.91,development
BB1/9,Baetidae,0,Turbidity,6.08,development
BB1/9,Baetidae,0,COD,12.1,development
BB1/9,Baetidae,0,NO3--N,0.5,development
BB1/9,Baetidae,0,NH4+-N,0.47,development
BB1/9,Baetidae,0,velocity,0,development
BB1/9,Baetidae,0,Elevation,162,development
BB2/9,Baetidae,0,Temperature,26.79,development
BB2/9,Baetidae,0,Conductivity,103,development
BB2/9,Baetidae,0,pH,8.87,development
BB2/9,Baetidae,0,Chlorophyll,1.68,development
BB2/9,Baetidae,0,Cl-,7.04,development
BB2/9,Baetidae,0,DO,10.26,development
BB2/9,Baetidae,0,Turbidity,0.85,development
BB2/9,Baetidae,0,COD,5,development
BB2/9,Baetidae,0,NO3--N,0.33,development
BB2/9,Baetidae,0,NH4+-N,0.14,development
BB2/9,Baetidae,0,velocity,1.2,development
BB2/9,Baetidae,0,Elevation,134,development
BB3/9,Baetidae,0,Temperature,25.14,development
BB3/9,Baetidae,0,Conductivity,99,development
BB3/9,Baetidae,0,pH,8.32,development
BB3/9,Baetidae,0,Chlorophyll,1.75,development
BB3/9,Baetidae,0,Cl-,2.64,development
BB3/9,Baetidae,0,DO,8.84,development
BB3/9,Baetidae,0,Turbidity,0.33,development
BB3/9,Baetidae,0,COD,6,development
BB3/9,Baetidae,0,NO3--N,0.27,development
BB3/9,Baetidae,0,NH4+-N,0.09,development
BB3/9,Baetidae,0,velocity,0.6,development
BB3/9,Baetidae,0,Elevation,141,development
BB4/9,Baetidae,0,Temperature,24.16,optimisation
BB4/9,Baetidae,0,Conductivity,82,optimisation
BB4/9,Baetidae,0,pH,8.47,optimisation
BB4/9,Baetidae,0,Chlorophyll,2.32,optimisation
BB4/9,Baetidae,0,Cl-,1.55,optimisation
BB4/9,Baetidae,0,DO,8.77,optimisation
BB4/9,Baetidae,0,Turbidity,1.86,optimisation
BB4/9,Baetidae,0,COD,60,optimisation
BB4/9,Baetidae,0,NO3--N,0.32,optimisation
BB4/9,Baetidae,0,NH4+-N,0.04,optimisation
BB4/9,Baetidae,0,velocity,0.2,optimisation
BB4/9,Baetidae,0,Elevation,287,optimisation
BH1/17,Baetidae,0,Temperature,25.76,optimisation
BH1/17,Baetidae,0,Conductivity,939.25,optimisation
BH1/17,Baetidae,0,pH,7.62,optimisation
BH1/17,Baetidae,0,Chlorophyll,16.15,optimisation
BH1/17,Baetidae,0,Cl-,181.74,optimisation
BH1/17,Baetidae,0,DO,5.94,optimisation
BH1/17,Baetidae,0,Turbidity,355.63,optimisation
BH1/17,Baetidae,0,COD,22.4,optimisation
BH1/17,Baetidae,0,NO3--N,0.81,optimisation
BH1/17,Baetidae,0,NH4+-N,0.17,optimisation
BH1/17,Baetidae,0,velocity,0.2,optimisation
BH1/17,Baetidae,0,Elevation,18,optimisation
BH2/17,Baetidae,0,Temperature,26.48,development
BH2/17,Baetidae,0,Conductivity,540.75,development
BH2/17,Baetidae,0,pH,7.53,development
BH2/17,Baetidae,0,Chlorophyll,7.4,development
BH2/17,Baetidae,0,Cl-,6.14,development
BH2/17,Baetidae,0,DO,5.78,development
BH2/17,Baetidae,0,Turbidity,8.23,development
BH2/17,Baetidae,0,COD,21.4,development
BH2/17,Baetidae,0,NO3--N,0.26,development
BH2/17,Baetidae,0,NH4+-N,0.05,development
BH2/17,Baetidae,0,velocity,0,development
BH2/17,Baetidae,0,Elevation,6,development
BH3/17,Baetidae,0,Temperature,26.01,optimisation
BH3/17,Baetidae,0,Conductivity,325,optimisation
BH3/17,Baetidae,0,pH,8.07,optimisation
BH3/17,Baetidae,0,Chlorophyll,1.68,optimisation
BH3/17,Baetidae,0,Cl-,3.94,optimisation
BH3/17,Baetidae,0,DO,8.18,optimisation
BH3/17,Baetidae,0,Turbidity,8.75,optimisation
BH3/17,Baetidae,0,COD,16.84,optimisation
BH3/17,Baetidae,0,NO3--N,0.54,optimisation
BH3/17,Baetidae,0,NH4+-N,0.04,optimisation
BH3/17,Baetidae,0,velocity,0.1,optimisation
BH3/17,Baetidae,0,Elevation,9,optimisation
BH4/17,Baetidae,0,Temperature,26.39,development
BH4/17,Baetidae,0,Conductivity,166,development
BH4/17,Baetidae,0,pH,7.93,development
BH4/17,Baetidae,0,Chlorophyll,60.03,development
BH4/17,Baetidae,0,Cl-,7.4,development
BH4/17,Baetidae,0,DO,8.94,development
BH4/17,Baetidae,0,Turbidity,34.27,development
BH4/17,Baetidae,0,COD,22.6,development
BH4/17,Baetidae,0,NO3--N,0.29,development
BH4/17,Baetidae,0,NH4+-N,0.13,development
BH4/17,Baetidae,0,velocity,0.15,development
BH4/17,Baetidae,0,Elevation,14,development
BH5/17,Baetidae,0,Temperature,28.42,development
BH5/17,Baetidae,0,Conductivity,139.33,development
BH5/17,Baetidae,0,pH,8.19,development
BH5/17,Baetidae,0,Chlorophyll,10.07,development
BH5/17,Baetidae,0,Cl-,3.48,development
BH5/17,Baetidae,0,DO,8.7,development
BH5/17,Baetidae,0,Turbidity,7.9,development
BH5/17,Baetidae,0,COD,25,development
BH5/17,Baetidae,0,NO3--N,0.23,development
BH5/17,Baetidae,0,NH4+-N,0.1,development
BH5/17,Baetidae,0,velocity,0.05,development
BH5/17,Baetidae,0,Elevation,3,development
BH6/26,Baetidae,0,Temperature,26.06,optimisation
BH6/26,Baetidae,0,Conductivity,187,optimisation
BH6/26,Baetidae,0,pH,7.23,optimisation
BH6/26,Baetidae,0,Chlorophyll,4.4,optimisation
BH6/26,Baetidae,0,Cl-,2.14,optimisation
BH6/26,Baetidae,0,DO,5.52,optimisation
BH6/26,Baetidae,0,Turbidity,18.4,optimisation
BH6/26,Baetidae,0,COD,18.2,optimisation
BH6/26,Baetidae,0,NO3--N,0.55,optimisation
BH6/26,Baetidae,0,NH4+-N,0.1,optimisation
BH6/26,Baetidae,0,velocity,0.15,optimisation
BH6/26,Baetidae,0,Elevation,2,optimisation
C1/20,Baetidae,2,Temperature,25.3,optimisation
C1/20,Baetidae,2,Conductivity,148,optimisation
C1/20,Baetidae,2,pH,7.54,optimisation
C1/20,Baetidae,2,Chlorophyll,1.23,optimisation
C1/20,Baetidae,2,Cl-,7.47,optimisation
C1/20,Baetidae,2,DO,7.38,optimisation
C1/20,Baetidae,2,Turbidity,1.57,optimisation
C1/20,Baetidae,2,COD,10.2,optimisation
C1/20,Baetidae,2,NO3--N,0.23,optimisation
C1/20,Baetidae,2,NH4+-N,0.04,optimisation
C1/20,Baetidae,2,velocity,0.3,optimisation
C1/20,Baetidae,2,Elevation,30,optimisation
C2/20,Baetidae,2,Temperature,24.7,optimisation
C2/20,Baetidae,2,Conductivity,102,optimisation
C2/20,Baetidae,2,pH,7.15,optimisation
C2/20,Baetidae,2,Chlorophyll,1.8,optimisation
C2/20,Baetidae,2,Cl-,2.85,optimisation
C2/20,Baetidae,2,DO,6.16,optimisation
C2/20,Baetidae,2,Turbidity,3.82,optimisation
C2/20,Baetidae,2,COD,13.6,optimisation
C2/20,Baetidae,2,NO3--N,0.23,optimisation
C2/20,Baetidae,2,NH4+-N,0.11,optimisation
C2/20,Baetidae,2,velocity,0.1,optimisation
C2/20,Baetidae,2,Elevation,20,optimisation
C3/20,Baetidae,0,Temperature,24.92,development
C3/20,Baetidae,0,Conductivity,79,development
C3/20,Baetidae,0,pH,7.58,development
C3/20,Baetidae,0,Chlorophyll,0.9,development
C3/20,Baetidae,0,Cl-,1.98,development
C3/20,Baetidae,0,DO,8.19,development
C3/20,Baetidae,0,Turbidity,3.37,development
C3/20,Baetidae,0,COD,6.88,development
C3/20,Baetidae,0,NO3--N,0.23,development
C3/20,Baetidae,0,NH4+-N,0.04,development
C3/20,Baetidae,0,velocity,0.3,development
C3/20,Baetidae,0,Elevation,138,development
C4/20,Baetidae,3,Temperature,22.9,optimisation
C4/20,Baetidae,3,Conductivity,126,optimisation
C4/20,Baetidae,3,pH,8.22,optimisation
C4/20,Baetidae,3,Chlorophyll,1.68,optimisation
C4/20,Baetidae,3,Cl-,1.96,optimisation
C4/20,Baetidae,3,DO,8.45,optimisation
C4/20,Baetidae,3,Turbidity,2.98,optimisation
C4/20,Baetidae,3,COD,5,optimisation
C4/20,Baetidae,3,NO3--N,0.23,optimisation
C4/20,Baetidae,3,NH4+-N,0.08,optimisation
C4/20,Baetidae,3,velocity,0.75,optimisation
C4/20,Baetidae,3,Elevation,324,optimisation
C5/20,Baetidae,5,Temperature,21.38,development
C5/20,Baetidae,5,Conductivity,67,development
C5/20,Baetidae,5,pH,8.06,development
C5/20,Baetidae,5,Chlorophyll,1.17,development
C5/20,Baetidae,5,Cl-,1.21,development
C5/20,Baetidae,5,DO,8.44,development
C5/20,Baetidae,5,Turbidity,0.2,development
C5/20,Baetidae,5,COD,5,development
C5/20,Baetidae,5,NO3--N,0.23,development
C5/20,Baetidae,5,NH4+-N,0.03,development
C5/20,Baetidae,5,velocity,0.8,development
C5/20,Baetidae,5,Elevation,600,development
C6/20,Baetidae,0,Temperature,20.55,optimisation
C6/20,Baetidae,0,Conductivity,105,optimisation
C6/20,Baetidae,0,pH,8.11,optimisation
C6/20,Baetidae,0,Chlorophyll,1.7,optimisation
C6/20,Baetidae,0,Cl-,1.31,optimisation
C6/20,Baetidae,0,DO,8.22,optimisation
C6/20,Baetidae,0,Turbidity,1.37,optimisation
C6/20,Baetidae,0,COD,5,optimisation
C6/20,Baetidae,0,NO3--N,0.23,optimisation
C6/20,Baetidae,0,NH4+-N,0.03,optimisation
C6/20,Baetidae,0,velocity,0.75,optimisation
C6/20,Baetidae,0,Elevation,870,optimisation
C7/20,Baetidae,0,Temperature,19.93,development
C7/20,Baetidae,0,Conductivity,128,development
C7/20,Baetidae,0,pH,8.12,development
C7/20,Baetidae,0,Chlorophyll,13.8,development
C7/20,Baetidae,0,Cl-,1.6,development
C7/20,Baetidae,0,DO,8.12,development
C7/20,Baetidae,0,Turbidity,10.5,development
C7/20,Baetidae,0,COD,9.81,development
C7/20,Baetidae,0,NO3--N,0.23,development
C7/20,Baetidae,0,NH4+-N,0.05,development
C7/20,Baetidae,0,velocity,1.5,development
C7/20,Baetidae,0,Elevation,834,development
DPR4,Baetidae,0,Temperature,28.21,development
DPR4,Baetidae,0,Conductivity,105,development
DPR4,Baetidae,0,pH,7.69,development
DPR4,Baetidae,0,Chlorophyll,7,development
DPR4,Baetidae,0,Cl-,1.71,development
DPR4,Baetidae,0,DO,10.69,development
DPR4,Baetidae,0,Turbidity,7.8,development
DPR4,Baetidae,0,velocity,0,development
DPR4,Baetidae,0,Elevation,101,development
DPR5,Baetidae,9,Temperature,27.53,development
DPR5,Baetidae,9,Conductivity,89,development
DPR5,Baetidae,9,pH,7.31,development
DPR5,Baetidae,9,Chlorophyll,7.4,development
DPR5,Baetidae,9,Cl-,1.26,development
DPR5,Baetidae,9,DO,5.8,development
DPR5,Baetidae,9,Turbidity,5.1,development
DPR5,Baetidae,9,velocity,0,development
DPR5,Baetidae,9,Elevation,105,development
DS1/4,Baetidae,0,Temperature,27.48,optimisation
DS1/4,Baetidae,0,Conductivity,157,optimisation
DS1/4,Baetidae,0,pH,7.58,optimisation
DS1/4,Baetidae,0,Chlorophyll,10.15,optimisation
DS1/4,Baetidae,0,Cl-,21.86,optimisation
DS1/4,Baetidae,0,DO,6.85,optimisation
DS1/4,Baetidae,0,Turbidity,113,optimisation
DS1/4,Baetidae,0,NO3--N,0.69,optimisation
DS1/4,Baetidae,0,NH4+-N,0.26,optimisation
DS1/4,Baetidae,0,velocity,0.35,optimisation
DS1/4,Baetidae,0,Elevation,16,optimisation
DS1/5,Baetidae,0,Temperature,25.64,optimisation
DS1/5,Baetidae,0,Conductivity,83,optimisation
DS1/5,Baetidae,0,pH,6.75,optimisation
DS1/5,Baetidae,0,Chlorophyll,3.07,optimisation
DS1/5,Baetidae,0,Cl-,1.69,optimisation
DS1/5,Baetidae,0,DO,2.72,optimisation
DS1/5,Baetidae,0,Turbidity,5.58,optimisation
DS1/5,Baetidae,0,COD,15,optimisation
DS1/5,Baetidae,0,NO3--N,0.24,optimisation
DS1/5,Baetidae,0,NH4+-N,0.24,optimisation
DS1/5,Baetidae,0,velocity,0.3,optimisation
DS1/5,Baetidae,0,Elevation,32,optimisation
DS10/23,Baetidae,0,Temperature,34,development
DS10/23,Baetidae,0,Conductivity,755.67,development
DS10/23,Baetidae,0,pH,8.3,development
DS10/23,Baetidae,0,Chlorophyll,3.27,development
DS10/23,Baetidae,0,Cl-,2.1,development
DS10/23,Baetidae,0,DO,7.86,development
DS10/23,Baetidae,0,Turbidity,1.4,development
DS10/23,Baetidae,0,COD,5,development
DS10/23,Baetidae,0,NO3--N,0.23,development
DS10/23,Baetidae,0,NH4+-N,0.04,development
DS10/23,Baetidae,0,velocity,0.4,development
DS10/23,Baetidae,0,Elevation,63,development
DS11/23,Baetidae,10,Temperature,32.22,optimisation
DS11/23,Baetidae,10,Conductivity,688,optimisation
DS11/23,Baetidae,10,pH,8.42,optimisation
DS11/23,Baetidae,10,Chlorophyll,3.08,optimisation
DS11/23,Baetidae,10,Cl-,6.96,optimisation
DS11/23,Baetidae,10,DO,7.06,optimisation
DS11/23,Baetidae,10,Turbidity,10.1,optimisation
DS11/23,Baetidae,10,COD,12.6,optimisation
DS11/23,Baetidae,10,NO3--N,0.23,optimisation
DS11/23,Baetidae,10,NH4+-N,0.02,optimisation
DS11/23,Baetidae,10,velocity,0.2,optimisation
DS11/23,Baetidae,10,Elevation,56,optimisation
DS12/23,Baetidae,3,Temperature,30.96,development
DS12/23,Baetidae,3,Conductivity,537.8,development
DS12/23,Baetidae,3,pH,8.3,development
DS12/23,Baetidae,3,Chlorophyll,3.04,development
DS12/23,Baetidae,3,Cl-,4.14,development
DS12/23,Baetidae,3,DO,6.87,development
DS12/23,Baetidae,3,Turbidity,6.37,development
DS12/23,Baetidae,3,COD,8.64,development
DS12/23,Baetidae,3,NO3--N,0.23,development
DS12/23,Baetidae,3,NH4+-N,0.04,development
DS12/23,Baetidae,3,velocity,0.15,development
DS12/23,Baetidae,3,Elevation,57,development
DS13/23,Baetidae,0,Temperature,29.07,development
DS13/23,Baetidae,0,Conductivity,504,development
DS13/23,Baetidae,0,pH,7.93,development
DS13/23,Baetidae,0,Chlorophyll,3.18,development
DS13/23,Baetidae,0,Cl-,4.58,development
DS13/23,Baetidae,0,DO,6.57,development
DS13/23,Baetidae,0,Turbidity,4.54,development
DS13/23,Baetidae,0,COD,11.4,development
DS13/23,Baetidae,0,NO3--N,0.31,development
DS13/23,Baetidae,0,NH4+-N,0.06,development
DS13/23,Baetidae,0,velocity,0.4,development
DS13/23,Baetidae,0,Elevation,63,development
DS14/24,Baetidae,0,Temperature,23.76,development
DS14/24,Baetidae,0,Conductivity,297,development
DS14/24,Baetidae,0,pH,7.82,development
DS14/24,Baetidae,0,Chlorophyll,2.1,development
DS14/24,Baetidae,0,Cl-,5.32,development
DS14/24,Baetidae,0,DO,7.83,development
DS14/24,Baetidae,0,Turbidity,4.03,development
DS14/24,Baetidae,0,COD,6.34,development
DS14/24,Baetidae,0,NO3--N,0.62,development
DS14/24,Baetidae,0,NH4+-N,0.06,development
DS14/24,Baetidae,0,velocity,0.6,development
DS14/24,Baetidae,0,Elevation,61,development
DS15/24,Baetidae,11,Temperature,25.57,development
DS15/24,Baetidae,11,Conductivity,334.5,development
DS15/24,Baetidae,11,pH,7.32,development
DS15/24,Baetidae,11,Chlorophyll,3.55,development
DS15/24,Baetidae,11,Cl-,2.64,development
DS15/24,Baetidae,11,DO,4.17,development
DS15/24,Baetidae,11,Turbidity,2.2,development
DS15/24,Baetidae,11,COD,5.2,development
DS15/24,Baetidae,11,NO3--N,0.23,development
DS15/24,Baetidae,11,NH4+-N,0.02,development
DS15/24,Baetidae,11,velocity,0,development
DS15/24,Baetidae,11,Elevation,71,development
DS16/24,Baetidae,0,Temperature,24.61,optimisation
DS16/24,Baetidae,0,Conductivity,276,optimisation
DS16/24,Baetidae,0,pH,7.83,optimisation
DS16/24,Baetidae,0,Chlorophyll,1.13,optimisation
DS16/24,Baetidae,0,Cl-,3.27,optimisation
DS16/24,Baetidae,0,DO,7.33,optimisation
DS16/24,Baetidae,0,Turbidity,0.97,optimisation
DS16/24,Baetidae,0,COD,25,optimisation
DS16/24,Baetidae,0,NO3--N,0.94,optimisation
DS16/24,Baetidae,0,NH4+-N,0.03,optimisation
DS16/24,Baetidae,0,velocity,0.6,optimisation
DS16/24,Baetidae,0,Elevation,71,optimisation
DS17/24,Baetidae,0,Temperature,25.1,optimisation
DS17/24,Baetidae,0,Conductivity,255,optimisation
DS17/24,Baetidae,0,pH,7.47,optimisation
DS17/24,Baetidae,0,Chlorophyll,1.15,optimisation
DS17/24,Baetidae,0,Cl-,2.84,optimisation
DS17/24,Baetidae,0,DO,7.08,optimisation
DS17/24,Baetidae,0,Turbidity,0,optimisation
DS17/24,Baetidae,0,COD,5,optimisation
DS17/24,Baetidae,0,NO3--N,1.63,optimisation
DS17/24,Baetidae,0,NH4+-N,0.02,optimisation
DS17/24,Baetidae,0,velocity,0.45,optimisation
DS17/24,Baetidae,0,Elevation,84,optimisation
DS18/24,Baetidae,0,Temperature,26.38,development
DS18/24,Baetidae,0,Conductivity,195,development
DS18/24,Baetidae,0,pH,7.29,development
DS18/24,Baetidae,0,Chlorophyll,0.83,development
DS18/24,Baetidae,0,Cl-,1.9,development
DS18/24,Baetidae,0,DO,7.72,development
DS18/24,Baetidae,0,Turbidity,0,development
DS18/24,Baetidae,0,COD,5,development
DS18/24,Baetidae,0,NO3--N,1.43,development
DS18/24,Baetidae,0,NH4+-N,0.03,development
DS18/24,Baetidae,0,velocity,0.4,development
DS18/24,Baetidae,0,Elevation,94,development
DS19/24,Baetidae,12,Temperature,22.06,optimisation
DS19/24,Baetidae,12,Conductivity,208,optimisation
DS19/24,Baetidae,12,pH,8.19,optimisation
DS19/24,Baetidae,12,Chlorophyll,1.08,optimisation
DS19/24,Baetidae,12,Cl-,1.21,optimisation
DS19/24,Baetidae,12,DO,8.2,optimisation
DS19/24,Baetidae,12,Turbidity,0.83,optimisation
DS19/24,Baetidae,12,COD,13.9,optimisation
DS19/24,Baetidae,12,NO3--N,0.23,optimisation
DS19/24,Baetidae,12,NH4+-N,0.03,optimisation
DS19/24,Baetidae,12,velocity,0.6,optimisation
DS19/24,Baetidae,12,Elevation,475,optimisation
DS2/4,Baetidae,0,Temperature,28.86,development
DS2/4,Baetidae,0,Conductivity,99,development
DS2/4,Baetidae,0,pH,7.91,development
DS2/4,Baetidae,0,Chlorophyll,10.55,development
DS2/4,Baetidae,0,Cl-,5.44,development
DS2/4,Baetidae,0,DO,8.92,development
DS2/4,Baetidae,0,Turbidity,44.6,development
DS2/4,Baetidae,0,NO3--N,0.32,development
DS2/4,Baetidae,0,NH4+-N,0.25,development
DS2/4,Baetidae,0,velocity,0,development
DS2/4,Baetidae,0,Elevation,63,development
DS2/5,Baetidae,6,Temperature,25.64,optimisation
DS2/5,Baetidae,6,Conductivity,83,optimisation
DS2/5,Baetidae,6,pH,6.75,optimisation
DS2/5,Baetidae,6,Chlorophyll,3.07,optimisation
DS2/5,Baetidae,6,Cl-,2.37,optimisation
DS2/5,Baetidae,6,DO,6.49,optimisation
DS2/5,Baetidae,6,Turbidity,1.15,optimisation
DS2/5,Baetidae,6,COD,31.2,optimisation
DS2/5,Baetidae,6,NO3--N,0.25,optimisation
DS2/5,Baetidae,6,NH4+-N,0.25,optimisation
DS2/5,Baetidae,6,velocity,0.5,optimisation
DS2/5,Baetidae,6,Elevation,22,optimisation
DS20/24,Baetidae,3,Temperature,23.59,development
DS20/24,Baetidae,3,Conductivity,290.75,development
DS20/24,Baetidae,3,pH,8.42,development
DS20/24,Baetidae,3,Chlorophyll,1.93,development
DS20/24,Baetidae,3,Cl-,7.07,development
DS20/24,Baetidae,3,DO,8.22,development
DS20/24,Baetidae,3,Turbidity,6.05,development
DS20/24,Baetidae,3,COD,5,development
DS20/24,Baetidae,3,NO3--N,0.57,development
DS20/24,Baetidae,3,NH4+-N,0.02,development
DS20/24,Baetidae,3,velocity,1,development
DS20/24,Baetidae,3,Elevation,324,development
DS21/24,Baetidae,1,Temperature,24,optimisation
DS21/24,Baetidae,1,Conductivity,163,optimisation
DS21/24,Baetidae,1,pH,8.25,optimisation
DS21/24,Baetidae,1,Chlorophyll,1.78,optimisation
DS21/24,Baetidae,1,Cl-,1.16,optimisation
DS21/24,Baetidae,1,DO,9.29,optimisation
DS21/24,Baetidae,1,Turbidity,0.43,optimisation
DS21/24,Baetidae,1,COD,9.67,optimisation
DS21/24,Baetidae,1,NO3--N,0.58,optimisation
DS21/24,Baetidae,1,NH4+-N,0.02,optimisation
DS21/24,Baetidae,1,velocity,0.5,optimisation
DS21/24,Baetidae,1,Elevation,313,optimisation
DS22/25,Baetidae,1,Temperature,26.14,optimisation
DS22/25,Baetidae,1,Conductivity,378,optimisation
DS22/25,Baetidae,1,pH,7.86,optimisation
DS22/25,Baetidae,1,Chlorophyll,3.45,optimisation
DS22/25,Baetidae,1,Cl-,5.25,optimisation
DS22/25,Baetidae,1,DO,7.72,optimisation
DS22/25,Baetidae,1,Turbidity,34.7,optimisation
DS22/25,Baetidae,1,COD,24.8,optimisation
DS22/25,Baetidae,1,NO3--N,0.61,optimisation
DS22/25,Baetidae,1,NH4+-N,0.09,optimisation
DS22/25,Baetidae,1,velocity,0.04,optimisation
DS22/25,Baetidae,1,Elevation,17,optimisation
DS23/25,Baetidae,2,Temperature,25.49,optimisation
DS23/25,Baetidae,2,Conductivity,303,optimisation
DS23/25,Baetidae,2,pH,8.48,optimisation
DS23/25,Baetidae,2,Chlorophyll,3.93,optimisation
DS23/25,Baetidae,2,Cl-,4.4,optimisation
DS23/25,Baetidae,2,DO,10.65,optimisation
DS23/25,Baetidae,2,Turbidity,3.23,optimisation
DS23/25,Baetidae,2,COD,24.5,optimisation
DS23/25,Baetidae,2,NO3--N,0.29,optimisation
DS23/25,Baetidae,2,NH4+-N,0.02,optimisation
DS23/25,Baetidae,2,velocity,0.35,optimisation
DS23/25,Baetidae,2,Elevation,17,optimisation
DS24/25,Baetidae,1,Temperature,25.03,development
DS24/25,Baetidae,1,Conductivity,273.2,development
DS24/25,Baetidae,1,pH,7.58,development
DS24/25,Baetidae,1,Chlorophyll,1.2,development
DS24/25,Baetidae,1,Cl-,2.93,development
DS24/25,Baetidae,1,DO,7.14,development
DS24/25,Baetidae,1,Turbidity,0.93,development
DS24/25,Baetidae,1,COD,22.2,development
DS24/25,Baetidae,1,NO3--N,0.95,development
DS24/25,Baetidae,1,NH4+-N,0.03,development
DS24/25,Baetidae,1,velocity,0.2,development
DS24/25,Baetidae,1,Elevation,81,development
DS25/25,Baetidae,0,Temperature,25.13,optimisation
DS25/25,Baetidae,0,Conductivity,188.17,optimisation
DS25/25,Baetidae,0,pH,7.96,optimisation
DS25/25,Baetidae,0,Chlorophyll,1.18,optimisation
DS25/25,Baetidae,0,Cl-,1.49,optimisation
DS25/25,Baetidae,0,DO,7.98,optimisation
DS25/25,Baetidae,0,Turbidity,0.9,optimisation
DS25/25,Baetidae,0,COD,20.2,optimisation
DS25/25,Baetidae,0,NO3--N,2,optimisation
DS25/25,Baetidae,0,NH4+-N,0.015,optimisation
DS25/25,Baetidae,0,velocity,0.3,optimisation
DS25/25,Baetidae,0,Elevation,88,optimisation
DS26/25,Baetidae,0,Temperature,24.94,optimisation
DS26/25,Baetidae,0,Conductivity,178,optimisation
DS26/25,Baetidae,0,pH,7.84,optimisation
DS26/25,Baetidae,0,Chlorophyll,1.58,optimisation
DS26/25,Baetidae,0,Cl-,1.55,optimisation
DS26/25,Baetidae,0,DO,8.37,optimisation
DS26/25,Baetidae,0,Turbidity,6.68,optimisation
DS26/25,Baetidae,0,COD,20.5,optimisation
DS26/25,Baetidae,0,NO3--N,1.41,optimisation
DS26/25,Baetidae,0,NH4+-N,0.03,optimisation
DS26/25,Baetidae,0,velocity,0.6,optimisation
DS26/25,Baetidae,0,Elevation,84,optimisation
DS27/25,Baetidae,4,Temperature,24.83,optimisation
DS27/25,Baetidae,4,Conductivity,208,optimisation
DS27/25,Baetidae,4,pH,7.7,optimisation
DS27/25,Baetidae,4,Chlorophyll,2.68,optimisation
DS27/25,Baetidae,4,Cl-,2.11,optimisation
DS27/25,Baetidae,4,DO,7.71,optimisation
DS27/25,Baetidae,4,Turbidity,2.57,optimisation
DS27/25,Baetidae,4,COD,26.1,optimisation
DS27/25,Baetidae,4,NO3--N,0.81,optimisation
DS27/25,Baetidae,4,NH4+-N,0.03,optimisation
DS27/25,Baetidae,4,velocity,0.06,optimisation
DS27/25,Baetidae,4,Elevation,47,optimisation
DS28/25,Baetidae,16,Temperature,25.9,optimisation
DS28/25,Baetidae,16,Conductivity,103.33,optimisation
DS28/25,Baetidae,16,pH,7.54,optimisation
DS28/25,Baetidae,16,Chlorophyll,0.73,optimisation
DS28/25,Baetidae,16,Cl-,0.8,optimisation
DS28/25,Baetidae,16,DO,7.72,optimisation
DS28/25,Baetidae,16,Turbidity,1.34,optimisation
DS28/25,Baetidae,16,COD,20.4,optimisation
DS28/25,Baetidae,16,NO3--N,0.23,optimisation
DS28/25,Baetidae,16,NH4+-N,0.04,optimisation
DS28/25,Baetidae,16,velocity,0.03,optimisation
DS28/25,Baetidae,16,Elevation,40,optimisation
DS29/26,Baetidae,2,Temperature,25.61,development
DS29/26,Baetidae,2,Conductivity,272,development
DS29/26,Baetidae,2,pH,6.86,development
DS29/26,Baetidae,2,Chlorophyll,3.3,development
DS29/26,Baetidae,2,Cl-,18.63,development
DS29/26,Baetidae,2,DO,4.53,development
DS29/26,Baetidae,2,Turbidity,1.64,development
DS29/26,Baetidae,2,COD,34.5,development
DS29/26,Baetidae,2,NO3--N,0.23,development
DS29/26,Baetidae,2,NH4+-N,0.93,development
DS29/26,Baetidae,2,velocity,0,development
DS29/26,Baetidae,2,Elevation,9,development
DS3/4,Baetidae,0,Temperature,27.35,development
DS3/4,Baetidae,0,Conductivity,125,development
DS3/4,Baetidae,0,pH,7.36,development
DS3/4,Baetidae,0,Chlorophyll,4.65,development
DS3/4,Baetidae,0,Cl-,7.73,development
DS3/4,Baetidae,0,DO,7.36,development
DS3/4,Baetidae,0,Turbidity,48.72,development
DS3/4,Baetidae,0,NO3--N,0.35,development
DS3/4,Baetidae,0,NH4+-N,0.07,development
DS3/4,Baetidae,0,velocity,0.2,development
DS3/4,Baetidae,0,Elevation,22,development
DS3/5,Baetidae,0,Temperature,25.88,development
DS3/5,Baetidae,0,Conductivity,98,development
DS3/5,Baetidae,0,pH,6.56,development
DS3/5,Baetidae,0,Chlorophyll,1.4,development
DS3/5,Baetidae,0,Cl-,2.13,development
DS3/5,Baetidae,0,DO,1.98,development
DS3/5,Baetidae,0,Turbidity,5.04,development
DS3/5,Baetidae,0,COD,117.6,development
DS3/5,Baetidae,0,NO3--N,0.32,development
DS3/5,Baetidae,0,NH4+-N,0.32,development
DS3/5,Baetidae,0,velocity,0.3,development
DS3/5,Baetidae,0,Elevation,47,development
DS30/26,Baetidae,1,Temperature,26.21,development
DS30/26,Baetidae,1,Conductivity,136.25,development
DS30/26,Baetidae,1,pH,7.76,development
DS30/26,Baetidae,1,Chlorophyll,2.48,development
DS30/26,Baetidae,1,Cl-,3.55,development
DS30/26,Baetidae,1,DO,7.56,development
DS30/26,Baetidae,1,Turbidity,1.63,development
DS30/26,Baetidae,1,COD,17.2,development
DS30/26,Baetidae,1,NO3--N,0.23,development
DS30/26,Baetidae,1,NH4+-N,0.05,development
DS30/26,Baetidae,1,velocity,0.2,development
DS30/26,Baetidae,1,Elevation,19,development
DS31/26,Baetidae,25,Temperature,27.01,optimisation
DS31/26,Baetidae,25,Conductivity,326,optimisation
DS31/26,Baetidae,25,pH,7.18,optimisation
DS31/26,Baetidae,25,Chlorophyll,9.79,optimisation
DS31/26,Baetidae,25,Cl-,4.23,optimisation
DS31/26,Baetidae,25,DO,3.69,optimisation
DS31/26,Baetidae,25,Turbidity,4.53,optimisation
DS31/26,Baetidae,25,COD,37,optimisation
DS31/26,Baetidae,25,NO3--N,0.27,optimisation
DS31/26,Baetidae,25,NH4+-N,0.74,optimisation
DS31/26,Baetidae,25,velocity,0,optimisation
DS31/26,Baetidae,25,Elevation,27,optimisation
DS32/26,Baetidae,3,Temperature,27.01,development
DS32/26,Baetidae,3,Conductivity,332,development
DS32/26,Baetidae,3,pH,7.03,development
DS32/26,Baetidae,3,Chlorophyll,5.25,development
DS32/26,Baetidae,3,Cl-,0.95,development
DS32/26,Baetidae,3,DO,5.13,development
DS32/26,Baetidae,3,Turbidity,1.5,development
DS32/26,Baetidae,3,COD,36.8,development
DS32/26,Baetidae,3,NO3--N,0.23,development
DS32/26,Baetidae,3,NH4+-N,1.1,development
DS32/26,Baetidae,3,velocity,0,development
DS32/26,Baetidae,3,Elevation,9,development
DS33/26,Baetidae,8,Temperature,26.08,optimisation
DS33/26,Baetidae,8,Conductivity,462,optimisation
DS33/26,Baetidae,8,pH,6.85,optimisation
DS33/26,Baetidae,8,Chlorophyll,5.63,optimisation
DS33/26,Baetidae,8,Cl-,55.84,optimisation
DS33/26,Baetidae,8,DO,2.97,optimisation
DS33/26,Baetidae,8,Turbidity,7.4,optimisation
DS33/26,Baetidae,8,COD,34.1,optimisation
DS33/26,Baetidae,8,NO3--N,0.26,optimisation
DS33/26,Baetidae,8,NH4+-N,1.26,optimisation
DS33/26,Baetidae,8,velocity,0,optimisation
DS33/26,Baetidae,8,Elevation,5,optimisation
DS4/4,Baetidae,1,Temperature,26.68,development
DS4/4,Baetidae,1,Conductivity,94,development
DS4/4,Baetidae,1,pH,7.18,development
DS4/4,Baetidae,1,Chlorophyll,2.7,development
DS4/4,Baetidae,1,Cl-,1.76,development
DS4/4,Baetidae,1,DO,6.29,development
DS4/4,Baetidae,1,Turbidity,6.8,development
DS4/4,Baetidae,1,NO3--N,0.44,development
DS4/4,Baetidae,1,NH4+-N,0.17,development
DS4/4,Baetidae,1,velocity,0.2,development
DS4/4,Baetidae,1,Elevation,26,development
DS4/5,Baetidae,43,Temperature,25.71,development
DS4/5,Baetidae,43,Conductivity,375,development
DS4/5,Baetidae,43,pH,8.2,development
DS4/5,Baetidae,43,Chlorophyll,4.6,development
DS4/5,Baetidae,43,Cl-,8.01,development
DS4/5,Baetidae,43,DO,9.79,development
DS4/5,Baetidae,43,Turbidity,0.4,development
DS4/5,Baetidae,43,COD,26.8,development
DS4/5,Baetidae,43,NO3--N,0.23,development
DS4/5,Baetidae,43,NH4+-N,0.19,development
DS4/5,Baetidae,43,velocity,0,development
DS4/5,Baetidae,43,Elevation,62,development
DS5/4,Baetidae,0,Temperature,26.08,optimisation
DS5/4,Baetidae,0,Conductivity,129,optimisation
DS5/4,Baetidae,0,pH,7.2,optimisation
DS5/4,Baetidae,0,Chlorophyll,2.3,optimisation
DS5/4,Baetidae,0,Cl-,2.17,optimisation
DS5/4,Baetidae,0,DO,5.63,optimisation
DS5/4,Baetidae,0,Turbidity,4.05,optimisation
DS5/4,Baetidae,0,NO3--N,0.23,optimisation
DS5/4,Baetidae,0,NH4+-N,0.16,optimisation
DS5/4,Baetidae,0,velocity,0.2,optimisation
DS5/4,Baetidae,0,Elevation,12,optimisation
DS5/5,Baetidae,7,Temperature,24.43,optimisation
DS5/5,Baetidae,7,Conductivity,256,optimisation
DS5/5,Baetidae,7,pH,7.07,optimisation
DS5/5,Baetidae,7,Chlorophyll,4.68,optimisation
DS5/5,Baetidae,7,Cl-,1.9,optimisation
DS5/5,Baetidae,7,DO,1.97,optimisation
DS5/5,Baetidae,7,Turbidity,2.53,optimisation
DS5/5,Baetidae,7,COD,19.52,optimisation
DS5/5,Baetidae,7,NO3--N,0.23,optimisation
DS5/5,Baetidae,7,NH4+-N,0.13,optimisation
DS5/5,Baetidae,7,velocity,0,optimisation
DS5/5,Baetidae,7,Elevation,42,optimisation
DS6/4,Baetidae,22,Temperature,26.79,development
DS6/4,Baetidae,22,Conductivity,749.25,development
DS6/4,Baetidae,22,pH,8.67,development
DS6/4,Baetidae,22,Chlorophyll,4.25,development
DS6/4,Baetidae,22,Cl-,12.52,development
DS6/4,Baetidae,22,DO,7.52,development
DS6/4,Baetidae,22,Turbidity,85.43,development
DS6/4,Baetidae,22,NO3--N,0.29,development
DS6/4,Baetidae,22,NH4+-N,0.11,development
DS6/4,Baetidae,22,velocity,0.25,development
DS6/4,Baetidae,22,Elevation,3,development
DS6/5,Baetidae,0,Temperature,24.97,optimisation
DS6/5,Baetidae,0,Conductivity,183.2,optimisation
DS6/5,Baetidae,0,pH,7.52,optimisation
DS6/5,Baetidae,0,Chlorophyll,1.26,optimisation
DS6/5,Baetidae,0,Cl-,2.57,optimisation
DS6/5,Baetidae,0,DO,6.17,optimisation
DS6/5,Baetidae,0,Turbidity,0.83,optimisation
DS6/5,Baetidae,0,COD,12.4,optimisation
DS6/5,Baetidae,0,NO3--N,0.23,optimisation
DS6/5,Baetidae,0,NH4+-N,0.1,optimisation
DS6/5,Baetidae,0,velocity,0.5,optimisation
DS6/5,Baetidae,0,Elevation,32,optimisation
DS7/23,Baetidae,0,Temperature,29.27,optimisation
DS7/23,Baetidae,0,Conductivity,1981,optimisation
DS7/23,Baetidae,0,pH,8.53,optimisation
DS7/23,Baetidae,0,Chlorophyll,66.84,optimisation
DS7/23,Baetidae,0,Cl-,167.42,optimisation
DS7/23,Baetidae,0,DO,13.63,optimisation
DS7/23,Baetidae,0,Turbidity,44.4,optimisation
DS7/23,Baetidae,0,COD,33.5,optimisation
DS7/23,Baetidae,0,NO3--N,0.84,optimisation
DS7/23,Baetidae,0,NH4+-N,8.8,optimisation
DS7/23,Baetidae,0,velocity,0,optimisation
DS7/23,Baetidae,0,Elevation,45,optimisation
DS8/23,Baetidae,0,Temperature,32.61,optimisation
DS8/23,Baetidae,0,Conductivity,594,optimisation
DS8/23,Baetidae,0,pH,8.37,optimisation
DS8/23,Baetidae,0,Chlorophyll,2.3,optimisation
DS8/23,Baetidae,0,Cl-,5.87,optimisation
DS8/23,Baetidae,0,DO,8.65,optimisation
DS8/23,Baetidae,0,Turbidity,1.5,optimisation
DS8/23,Baetidae,0,COD,12.9,optimisation
DS8/23,Baetidae,0,NO3--N,0.23,optimisation
DS8/23,Baetidae,0,NH4+-N,0.02,optimisation
DS8/23,Baetidae,0,velocity,0.1,optimisation
DS8/23,Baetidae,0,Elevation,64,optimisation
DS9/23,Baetidae,0,Temperature,30.38,optimisation
DS9/23,Baetidae,0,Conductivity,737.75,optimisation
DS9/23,Baetidae,0,pH,8.31,optimisation
DS9/23,Baetidae,0,Chlorophyll,2.38,optimisation
DS9/23,Baetidae,0,Cl-,8.4,optimisation
DS9/23,Baetidae,0,DO,11.93,optimisation
DS9/23,Baetidae,0,Turbidity,1.03,optimisation
DS9/23,Baetidae,0,COD,7.57,optimisation
DS9/23,Baetidae,0,NO3--N,0.23,optimisation
DS9/23,Baetidae,0,NH4+-N,0.02,optimisation
DS9/23,Baetidae,0,velocity,0.1,optimisation
DS9/23,Baetidae,0,Elevation,87,optimisation
M1/18,Baetidae,0,Temperature,20.78,development
M1/18,Baetidae,0,Conductivity,137,development
M1/18,Baetidae,0,pH,8.21,development
M1/18,Baetidae,0,Chlorophyll,1.83,development
M1/18,Baetidae,0,Cl-,1.27,development
M1/18,Baetidae,0,DO,8.61,development
M1/18,Baetidae,0,Turbidity,0.17,development
M1/18,Baetidae,0,COD,5,development
M1/18,Baetidae,0,NO3--N,0.23,development
M1/18,Baetidae,0,NH4+-N,0.02,development
M1/18,Baetidae,0,velocity,0.5,development
M1/18,Baetidae,0,Elevation,408,development
M2/18,Baetidae,0,Temperature,21.26,optimisation
M2/18,Baetidae,0,Conductivity,126,optimisation
M2/18,Baetidae,0,pH,8.17,optimisation
M2/18,Baetidae,0,Chlorophyll,1.87,optimisation
M2/18,Baetidae,0,Cl-,1.82,optimisation
M2/18,Baetidae,0,DO,8.53,optimisation
M2/18,Baetidae,0,Turbidity,1.57,optimisation
M2/18,Baetidae,0,COD,5,optimisation
M2/18,Baetidae,0,NO3--N,0.23,optimisation
M2/18,Baetidae,0,NH4+-N,0.05,optimisation
M2/18,Baetidae,0,velocity,0.6,optimisation
M2/18,Baetidae,0,Elevation,466,optimisation
M3/18,Baetidae,3,Temperature,21.27,development
M3/18,Baetidae,3,Conductivity,119.6,development
M3/18,Baetidae,3,pH,8.1,development
M3/18,Baetidae,3,Chlorophyll,1.14,development
M3/18,Baetidae,3,Cl-,1.29,development
M3/18,Baetidae,3,DO,8.15,development
M3/18,Baetidae,3,Turbidity,1.38,development
M3/18,Baetidae,3,COD,6.3,development
M3/18,Baetidae,3,NO3--N,0.23,development
M3/18,Baetidae,3,NH4+-N,0.05,development
M3/18,Baetidae,3,velocity,0.5,development
M3/18,Baetidae,3,Elevation,825,development
M4/18,Baetidae,2,Temperature,20.73,optimisation
M4/18,Baetidae,2,Conductivity,126,optimisation
M4/18,Baetidae,2,pH,8.06,optimisation
M4/18,Baetidae,2,Chlorophyll,1.27,optimisation
M4/18,Baetidae,2,Cl-,0.85,optimisation
M4/18,Baetidae,2,DO,8.11,optimisation
M4/18,Baetidae,2,Turbidity,1.43,optimisation
M4/18,Baetidae,2,COD,5,optimisation
M4/18,Baetidae,2,NO3--N,0.23,optimisation
M4/18,Baetidae,2,NH4+-N,0.04,optimisation
M4/18,Baetidae,2,velocity,0.4,optimisation
M4/18,Baetidae,2,Elevation,866,optimisation
M5/18,Baetidae,2,Temperature,19.04,development
M5/18,Baetidae,2,Conductivity,88,development
M5/18,Baetidae,2,pH,7.98,development
M5/18,Baetidae,2,Chlorophyll,1.28,development
M5/18,Baetidae,2,Cl-,0.53,development
M5/18,Baetidae,2,DO,8.19,development
M5/18,Baetidae,2,Turbidity,1.05,development
M5/18,Baetidae,2,COD,5,development
M5/18,Baetidae,2,NO3--N,0.23,development
M5/18,Baetidae,2,NH4+-N,0.05,development
M5/18,Baetidae,2,velocity,0.5,development
M5/18,Baetidae,2,Elevation,1075,development
M6/18,Baetidae,2,Temperature,24.99,development
M6/18,Baetidae,2,Conductivity,134.25,development
M6/18,Baetidae,2,pH,7.66,development
M6/18,Baetidae,2,Chlorophyll,2.1,development
M6/18,Baetidae,2,Cl-,1.36,development
M6/18,Baetidae,2,DO,7.18,development
M6/18,Baetidae,2,Turbidity,8.88,development
M6/18,Baetidae,2,COD,11.2,development
M6/18,Baetidae,2,NO3--N,0.23,development
M6/18,Baetidae,2,NH4+-N,0.06,development
M6/18,Baetidae,2,velocity,0.5,development
M6/18,Baetidae,2,Elevation,87,development
Q1/12,Baetidae,0,Temperature,26.2,optimisation
Q1/12,Baetidae,0,Conductivity,200,optimisation
Q1/12,Baetidae,0,pH,7.2,optimisation
Q1/12,Baetidae,0,Chlorophyll,2.95,optimisation
Q1/12,Baetidae,0,Cl-,9.13,optimisation
Q1/12,Baetidae,0,DO,5.74,optimisation
Q1/12,Baetidae,0,Turbidity,6.18,optimisation
Q1/12,Baetidae,0,COD,48.8,optimisation
Q1/12,Baetidae,0,NO3--N,0.57,optimisation
Q1/12,Baetidae,0,NH4+-N,1.89,optimisation
Q1/12,Baetidae,0,velocity,0.25,optimisation
Q1/12,Baetidae,0,Elevation,55,optimisation
R1/6,Baetidae,14,Temperature,25.62,development
R1/6,Baetidae,14,Conductivity,36.5,development
R1/6,Baetidae,14,pH,7.02,development
R1/6,Baetidae,14,Chlorophyll,5.08,development
R1/6,Baetidae,14,Cl-,1.77,development
R1/6,Baetidae,14,DO,6.06,development
R1/6,Baetidae,14,Turbidity,5.07,development
R1/6,Baetidae,14,COD,21.4,development
R1/6,Baetidae,14,NO3--N,0.23,development
R1/6,Baetidae,14,NH4+-N,0.11,development
R1/6,Baetidae,14,velocity,0,development
R1/6,Baetidae,14,Elevation,80,development
R10/12,Baetidae,0,Temperature,28.91,optimisation
R10/12,Baetidae,0,Conductivity,79,optimisation
R10/12,Baetidae,0,pH,7.51,optimisation
R10/12,Baetidae,0,Chlorophyll,5.46,optimisation
R10/12,Baetidae,0,Cl-,1.99,optimisation
R10/12,Baetidae,0,DO,8.43,optimisation
R10/12,Baetidae,0,Turbidity,5.2,optimisation
R10/12,Baetidae,0,COD,21.9,optimisation
R10/12,Baetidae,0,NO3--N,0.23,optimisation
R10/12,Baetidae,0,NH4+-N,0.02,optimisation
R10/12,Baetidae,0,velocity,0,optimisation
R10/12,Baetidae,0,Elevation,86,optimisation
R11/12,Baetidae,8,Temperature,28.51,optimisation
R11/12,Baetidae,8,Conductivity,79,optimisation
R11/12,Baetidae,8,pH,7.2,optimisation
R11/12,Baetidae,8,Chlorophyll,5.8,optimisation
R11/12,Baetidae,8,Cl-,1.89,optimisation
R11/12,Baetidae,8,DO,6.88,optimisation
R11/12,Baetidae,8,Turbidity,4.78,optimisation
R11/12,Baetidae,8,COD,20.7,optimisation
R11/12,Baetidae,8,NO3--N,0.23,optimisation
R11/12,Baetidae,8,NH4+-N,0.02,optimisation
R11/12,Baetidae,8,velocity,0,optimisation
R11/12,Baetidae,8,Elevation,87,optimisation
R12/12,Baetidae,0,Temperature,27.87,optimisation
R12/12,Baetidae,0,Conductivity,77,optimisation
R12/12,Baetidae,0,pH,7.36,optimisation
R12/12,Baetidae,0,Chlorophyll,5.8,optimisation
R12/12,Baetidae,0,Cl-,1.72,optimisation
R12/12,Baetidae,0,DO,8.8,optimisation
R12/12,Baetidae,0,Turbidity,4.5,optimisation
R12/12,Baetidae,0,COD,19.2,optimisation
R12/12,Baetidae,0,NO3--N,0.23,optimisation
R12/12,Baetidae,0,NH4+-N,0.02,optimisation
R12/12,Baetidae,0,velocity,0,optimisation
R12/12,Baetidae,0,Elevation,96,optimisation
R13/12,Baetidae,0,Temperature,28.71,development
R13/12,Baetidae,0,Conductivity,78,development
R13/12,Baetidae,0,pH,7.37,development
R13/12,Baetidae,0,Chlorophyll,5.55,development
R13/12,Baetidae,0,Cl-,1.9,development
R13/12,Baetidae,0,DO,8.05,development
R13/12,Baetidae,0,Turbidity,4.42,development
R13/12,Baetidae,0,COD,18.5,development
R13/12,Baetidae,0,NO3--N,0.23,development
R13/12,Baetidae,0,NH4+-N,0.02,development
R13/12,Baetidae,0,velocity,0,development
R13/12,Baetidae,0,Elevation,84,development
R14/12,Baetidae,9,Temperature,29.24,development
R14/12,Baetidae,9,Conductivity,78,development
R14/12,Baetidae,9,pH,7.27,development
R14/12,Baetidae,9,Chlorophyll,5.3,development
R14/12,Baetidae,9,Cl-,1.93,development
R14/12,Baetidae,9,DO,7.41,development
R14/12,Baetidae,9,Turbidity,4.02,development
R14/12,Baetidae,9,COD,23.4,development
R14/12,Baetidae,9,NO3--N,0.23,development
R14/12,Baetidae,9,NH4+-N,0.03,development
R14/12,Baetidae,9,velocity,0,development
R14/12,Baetidae,9,Elevation,100,development
R15/12,Baetidae,1,Temperature,28.53,optimisation
R15/12,Baetidae,1,Conductivity,79,optimisation
R15/12,Baetidae,1,pH,7.31,optimisation
R15/12,Baetidae,1,Chlorophyll,6.85,optimisation
R15/12,Baetidae,1,Cl-,1.99,optimisation
R15/12,Baetidae,1,DO,7.9,optimisation
R15/12,Baetidae,1,Turbidity,3.25,optimisation
R15/12,Baetidae,1,COD,21.4,optimisation
R15/12,Baetidae,1,NO3--N,0.23,optimisation
R15/12,Baetidae,1,NH4+-N,0.02,optimisation
R15/12,Baetidae,1,velocity,0,optimisation
R15/12,Baetidae,1,Elevation,86,optimisation
R16/12,Baetidae,12,Temperature,29.52,development
R16/12,Baetidae,12,Conductivity,79.6,development
R16/12,Baetidae,12,pH,7.23,development
R16/12,Baetidae,12,Chlorophyll,6.5,development
R16/12,Baetidae,12,Cl-,2.12,development
R16/12,Baetidae,12,DO,7.72,development
R16/12,Baetidae,12,Turbidity,3.63,development
R16/12,Baetidae,12,COD,22.7,development
R16/12,Baetidae,12,NO3--N,0.23,development
R16/12,Baetidae,12,NH4+-N,0.02,development
R16/12,Baetidae,12,velocity,0,development
R16/12,Baetidae,12,Elevation,83,development
R17/12,Baetidae,10,Temperature,29.74,development
R17/12,Baetidae,10,Conductivity,81,development
R17/12,Baetidae,10,pH,7.46,development
R17/12,Baetidae,10,Chlorophyll,6.92,development
R17/12,Baetidae,10,Cl-,1.98,development
R17/12,Baetidae,10,DO,8.55,development
R17/12,Baetidae,10,Turbidity,4.08,development
R17/12,Baetidae,10,COD,22.5,development
R17/12,Baetidae,10,NO3--N,0.23,development
R17/12,Baetidae,10,NH4+-N,0.03,development
R17/12,Baetidae,10,velocity,0,development
R17/12,Baetidae,10,Elevation,87,development
R18/12,Baetidae,0,Temperature,29.64,development
R18/12,Baetidae,0,Conductivity,77,development
R18/12,Baetidae,0,pH,7.9,development
R18/12,Baetidae,0,Chlorophyll,6.78,development
R18/12,Baetidae,0,Cl-,2.31,development
R18/12,Baetidae,0,DO,8.97,development
R18/12,Baetidae,0,Turbidity,4.23,development
R18/12,Baetidae,0,COD,21.4,development
R18/12,Baetidae,0,NO3--N,0.23,development
R18/12,Baetidae,0,NH4+-N,0.02,development
R18/12,Baetidae,0,velocity,0,development
R18/12,Baetidae,0,Elevation,80,development
R19/13,Baetidae,0,Temperature,26.54,development
R19/13,Baetidae,0,Conductivity,75,development
R19/13,Baetidae,0,pH,7.15,development
R19/13,Baetidae,0,Chlorophyll,7.8,development
R19/13,Baetidae,0,Cl-,2.38,development
R19/13,Baetidae,0,DO,6.98,development
R19/13,Baetidae,0,Turbidity,4.4,development
R19/13,Baetidae,0,NO3--N,0.23,development
R19/13,Baetidae,0,NH4+-N,0.02,development
R19/13,Baetidae,0,velocity,0,development
R19/13,Baetidae,0,Elevation,81,development
R2/6,Baetidae,20,Temperature,27.09,optimisation
R2/6,Baetidae,20,Conductivity,76,optimisation
R2/6,Baetidae,20,pH,7.08,optimisation
R2/6,Baetidae,20,Chlorophyll,6.92,optimisation
R2/6,Baetidae,20,Cl-,2.15,optimisation
R2/6,Baetidae,20,DO,6.47,optimisation
R2/6,Baetidae,20,Turbidity,4.6,optimisation
R2/6,Baetidae,20,COD,9.3,optimisation
R2/6,Baetidae,20,NO3--N,0.23,optimisation
R2/6,Baetidae,20,NH4+-N,0.06,optimisation
R2/6,Baetidae,20,velocity,0,optimisation
R2/6,Baetidae,20,Elevation,87,optimisation
R20/13,Baetidae,2,Temperature,26.59,optimisation
R20/13,Baetidae,2,Conductivity,73.5,optimisation
R20/13,Baetidae,2,pH,7.08,optimisation
R20/13,Baetidae,2,Chlorophyll,7.08,optimisation
R20/13,Baetidae,2,Cl-,2.48,optimisation
R20/13,Baetidae,2,DO,6.68,optimisation
R20/13,Baetidae,2,Turbidity,3.23,optimisation
R20/13,Baetidae,2,NO3--N,0.23,optimisation
R20/13,Baetidae,2,NH4+-N,0.02,optimisation
R20/13,Baetidae,2,velocity,0,optimisation
R20/13,Baetidae,2,Elevation,78,optimisation
R21/13,Baetidae,15,Temperature,26.51,development
R21/13,Baetidae,15,Conductivity,72,development
R21/13,Baetidae,15,pH,7.1,development
R21/13,Baetidae,15,Chlorophyll,8.14,development
R21/13,Baetidae,15,Cl-,2.83,development
R21/13,Baetidae,15,DO,7.22,development
R21/13,Baetidae,15,Turbidity,3.66,development
R21/13,Baetidae,15,NO3--N,0.23,development
R21/13,Baetidae,15,NH4+-N,0.02,development
R21/13,Baetidae,15,velocity,0,development
R21/13,Baetidae,15,Elevation,71,development
R22/13,Baetidae,18,Temperature,26.81,optimisation
R22/13,Baetidae,18,Conductivity,72,optimisation
R22/13,Baetidae,18,pH,6.69,optimisation
R22/13,Baetidae,18,Chlorophyll,5.26,optimisation
R22/13,Baetidae,18,Cl-,2.63,optimisation
R22/13,Baetidae,18,DO,4.14,optimisation
R22/13,Baetidae,18,Turbidity,1.13,optimisation
R22/13,Baetidae,18,NO3--N,0.23,optimisation
R22/13,Baetidae,18,NH4+-N,0.02,optimisation
R22/13,Baetidae,18,velocity,0,optimisation
R22/13,Baetidae,18,Elevation,88,optimisation
R23/13,Baetidae,5,Temperature,26.77,development
R23/13,Baetidae,5,Conductivity,71,development
R23/13,Baetidae,5,pH,7.33,development
R23/13,Baetidae,5,Chlorophyll,10.1,development
R23/13,Baetidae,5,Cl-,2.49,development
R23/13,Baetidae,5,DO,8.97,development
R23/13,Baetidae,5,Turbidity,4.08,development
R23/13,Baetidae,5,NO3--N,0.23,development
R23/13,Baetidae,5,NH4+-N,0.02,development
R23/13,Baetidae,5,velocity,0,development
R23/13,Baetidae,5,Elevation,82,development
R24/13,Baetidae,2,Temperature,26.82,optimisation
R24/13,Baetidae,2,Conductivity,71,optimisation
R24/13,Baetidae,2,pH,6.98,optimisation
R24/13,Baetidae,2,Chlorophyll,7.78,optimisation
R24/13,Baetidae,2,Cl-,2.7,optimisation
R24/13,Baetidae,2,DO,7.01,optimisation
R24/13,Baetidae,2,Turbidity,3.16,optimisation
R24/13,Baetidae,2,NO3--N,0.23,optimisation
R24/13,Baetidae,2,NH4+-N,0.02,optimisation
R24/13,Baetidae,2,velocity,0,optimisation
R24/13,Baetidae,2,Elevation,80,optimisation
R25/13,Baetidae,0,Temperature,26.69,optimisation
R25/13,Baetidae,0,Conductivity,71,optimisation
R25/13,Baetidae,0,pH,7,optimisation
R25/13,Baetidae,0,Chlorophyll,7.62,optimisation
R25/13,Baetidae,0,Cl-,2.6,optimisation
R25/13,Baetidae,0,DO,7.29,optimisation
R25/13,Baetidae,0,Turbidity,3.6,optimisation
R25/13,Baetidae,0,NO3--N,0.24,optimisation
R25/13,Baetidae,0,NH4+-N,0.02,optimisation
R25/13,Baetidae,0,velocity,0,optimisation
R25/13,Baetidae,0,Elevation,84,optimisation
R26/13,Baetidae,1,Temperature,27.01,optimisation
R26/13,Baetidae,1,Conductivity,71,optimisation
R26/13,Baetidae,1,pH,7.04,optimisation
R26/13,Baetidae,1,Chlorophyll,7.8,optimisation
R26/13,Baetidae,1,Cl-,2.63,optimisation
R26/13,Baetidae,1,DO,7.81,optimisation
R26/13,Baetidae,1,Turbidity,3.85,optimisation
R26/13,Baetidae,1,NO3--N,0.28,optimisation
R26/13,Baetidae,1,NH4+-N,0.03,optimisation
R26/13,Baetidae,1,velocity,0,optimisation
R26/13,Baetidae,1,Elevation,78,optimisation
R27/13,Baetidae,0,Temperature,27.38,optimisation
R27/13,Baetidae,0,Conductivity,71,optimisation
R27/13,Baetidae,0,pH,7.11,optimisation
R27/13,Baetidae,0,Chlorophyll,9.14,optimisation
R27/13,Baetidae,0,Cl-,2.9,optimisation
R27/13,Baetidae,0,DO,8.24,optimisation
R27/13,Baetidae,0,Turbidity,3.4,optimisation
R27/13,Baetidae,0,NO3--N,0.23,optimisation
R27/13,Baetidae,0,NH4+-N,0.02,optimisation
R27/13,Baetidae,0,velocity,0,optimisation
R27/13,Baetidae,0,Elevation,74,optimisation
R28/13,Baetidae,1,Temperature,26.65,development
R28/13,Baetidae,1,Conductivity,70,development
R28/13,Baetidae,1,pH,7.01,development
R28/13,Baetidae,1,Chlorophyll,7.23,development
R28/13,Baetidae,1,Cl-,2.52,development
R28/13,Baetidae,1,DO,7.57,development
R28/13,Baetidae,1,Turbidity,6.52,development
R28/13,Baetidae,1,NO3--N,0.23,development
R28/13,Baetidae,1,NH4+-N,0.02,development
R28/13,Baetidae,1,velocity,0,development
R28/13,Baetidae,1,Elevation,73,development
R29/13,Baetidae,0,Temperature,26.75,development
R29/13,Baetidae,0,Conductivity,72,development
R29/13,Baetidae,0,pH,7.03,development
R29/13,Baetidae,0,Chlorophyll,7.76,development
R29/13,Baetidae,0,Cl-,2.75,development
R29/13,Baetidae,0,DO,7.06,development
R29/13,Baetidae,0,Turbidity,5.33,development
R29/13,Baetidae,0,NO3--N,0.26,development
R29/13,Baetidae,0,NH4+-N,0.03,development
R29/13,Baetidae,0,velocity,0,development
R29/13,Baetidae,0,Elevation,78,development
R3/6,Baetidae,0,Temperature,27.79,optimisation
R3/6,Baetidae,0,Conductivity,85,optimisation
R3/6,Baetidae,0,pH,7.09,optimisation
R3/6,Baetidae,0,Chlorophyll,4.7,optimisation
R3/6,Baetidae,0,Cl-,2.02,optimisation
R3/6,Baetidae,0,DO,6.28,optimisation
R3/6,Baetidae,0,Turbidity,2.07,optimisation
R3/6,Baetidae,0,COD,13.9,optimisation
R3/6,Baetidae,0,NO3--N,0.23,optimisation
R3/6,Baetidae,0,NH4+-N,0.22,optimisation
R3/6,Baetidae,0,velocity,0,optimisation
R3/6,Baetidae,0,Elevation,84,optimisation
R30/13,Baetidae,1,Temperature,27.05,development
R30/13,Baetidae,1,Conductivity,73,development
R30/13,Baetidae,1,pH,7.74,development
R30/13,Baetidae,1,Chlorophyll,8.57,development
R30/13,Baetidae,1,Cl-,2.76,development
R30/13,Baetidae,1,DO,9.09,development
R30/13,Baetidae,1,Turbidity,4.3,development
R30/13,Baetidae,1,NO3--N,0.23,development
R30/13,Baetidae,1,NH4+-N,0.02,development
R30/13,Baetidae,1,velocity,0,development
R30/13,Baetidae,1,Elevation,82,development
R4/6,Baetidae,0,Temperature,27.96,development
R4/6,Baetidae,0,Conductivity,83,development
R4/6,Baetidae,0,pH,7.24,development
R4/6,Baetidae,0,Chlorophyll,6.7,development
R4/6,Baetidae,0,Cl-,2.31,development
R4/6,Baetidae,0,DO,6.64,development
R4/6,Baetidae,0,Turbidity,3.96,development
R4/6,Baetidae,0,COD,12.6,development
R4/6,Baetidae,0,NO3--N,0.27,development
R4/6,Baetidae,0,NH4+-N,0.27,development
R4/6,Baetidae,0,velocity,0,development
R4/6,Baetidae,0,Elevation,76,development
R5/6,Baetidae,0,Temperature,27.67,development
R5/6,Baetidae,0,Conductivity,83,development
R5/6,Baetidae,0,pH,7.59,development
R5/6,Baetidae,0,Chlorophyll,7.05,development
R5/6,Baetidae,0,Cl-,2.5,development
R5/6,Baetidae,0,DO,8.07,development
R5/6,Baetidae,0,Turbidity,6.6,development
R5/6,Baetidae,0,COD,9.96,development
R5/6,Baetidae,0,NO3--N,0.31,development
R5/6,Baetidae,0,NH4+-N,0.31,development
R5/6,Baetidae,0,velocity,0,development
R5/6,Baetidae,0,Elevation,86,development
R6/6,Baetidae,3,Temperature,27.86,optimisation
R6/6,Baetidae,3,Conductivity,89,optimisation
R6/6,Baetidae,3,pH,7.76,optimisation
R6/6,Baetidae,3,Chlorophyll,25.43,optimisation
R6/6,Baetidae,3,Cl-,2.19,optimisation
R6/6,Baetidae,3,DO,9.05,optimisation
R6/6,Baetidae,3,Turbidity,9.52,optimisation
R6/6,Baetidae,3,COD,9.04,optimisation
R6/6,Baetidae,3,NO3--N,0.23,optimisation
R6/6,Baetidae,3,NH4+-N,0.22,optimisation
R6/6,Baetidae,3,velocity,0,optimisation
R6/6,Baetidae,3,Elevation,80,optimisation
R7/6,Baetidae,1,Temperature,27.92,development
R7/6,Baetidae,1,Conductivity,109,development
R7/6,Baetidae,1,pH,7.21,development
R7/6,Baetidae,1,Chlorophyll,17.13,development
R7/6,Baetidae,1,Cl-,2.06,development
R7/6,Baetidae,1,DO,6.58,development
R7/6,Baetidae,1,Turbidity,8.3,development
R7/6,Baetidae,1,COD,10.36,development
R7/6,Baetidae,1,NO3--N,0.63,development
R7/6,Baetidae,1,NH4+-N,0.63,development
R7/6,Baetidae,1,velocity,0,development
R7/6,Baetidae,1,Elevation,78,development
R8/6,Baetidae,2,Temperature,27.93,optimisation
R8/6,Baetidae,2,Conductivity,82,optimisation
R8/6,Baetidae,2,pH,7.11,optimisation
R8/6,Baetidae,2,Chlorophyll,5.47,optimisation
R8/6,Baetidae,2,Cl-,2.66,optimisation
R8/6,Baetidae,2,DO,5.81,optimisation
R8/6,Baetidae,2,Turbidity,2.13,optimisation
R8/6,Baetidae,2,COD,11.94,optimisation
R8/6,Baetidae,2,NO3--N,0.23,optimisation
R8/6,Baetidae,2,NH4+-N,0.12,optimisation
R8/6,Baetidae,2,velocity,0,optimisation
R8/6,Baetidae,2,Elevation,82,optimisation
R9/6,Baetidae,0,Temperature,28.36,optimisation
R9/6,Baetidae,0,Conductivity,83,optimisation
R9/6,Baetidae,0,pH,7.06,optimisation
R9/6,Baetidae,0,Chlorophyll,5.02,optimisation
R9/6,Baetidae,0,Cl-,2.46,optimisation
R9/6,Baetidae,0,DO,5.4,optimisation
R9/6,Baetidae,0,Turbidity,3.28,optimisation
R9/6,Baetidae,0,COD,9.3,optimisation
R9/6,Baetidae,0,NO3--N,0.23,optimisation
R9/6,Baetidae,0,NH4+-N,0.11,optimisation
R9/6,Baetidae,0,velocity,0,optimisation
R9/6,Baetidae,0,Elevation,88,optimisation
US1/10,Baetidae,0,Temperature,23.38,optimisation
US1/10,Baetidae,0,Conductivity,119,optimisation
US1/10,Baetidae,0,pH,7.66,optimisation
US1/10,Baetidae,0,Chlorophyll,3.14,optimisation
US1/10,Baetidae,0,Cl-,3.08,optimisation
US1/10,Baetidae,0,DO,7.79,optimisation
US1/10,Baetidae,0,Turbidity,1.1,optimisation
US1/10,Baetidae,0,COD,10.7,optimisation
US1/10,Baetidae,0,NO3--N,0.27,optimisation
US1/10,Baetidae,0,NH4+-N,0.15,optimisation
US1/10,Baetidae,0,velocity,0.12,optimisation
US1/10,Baetidae,0,Elevation,183,optimisation
US10/10,Baetidae,0,Temperature,25,optimisation
US10/10,Baetidae,0,Conductivity,98,optimisation
US10/10,Baetidae,0,pH,7.32,optimisation
US10/10,Baetidae,0,Chlorophyll,1.73,optimisation
US10/10,Baetidae,0,Cl-,2.1,optimisation
US10/10,Baetidae,0,DO,7.86,optimisation
US10/10,Baetidae,0,Turbidity,1.4,optimisation
US10/10,Baetidae,0,COD,5.24,optimisation
US10/10,Baetidae,0,NO3--N,0.29,optimisation
US10/10,Baetidae,0,NH4+-N,0.06,optimisation
US10/10,Baetidae,0,velocity,0.7,optimisation
US10/10,Baetidae,0,Elevation,111,optimisation
US11/11,Baetidae,0,Temperature,23.51,development
US11/11,Baetidae,0,Conductivity,142,development
US11/11,Baetidae,0,pH,7.74,development
US11/11,Baetidae,0,Chlorophyll,2.63,development
US11/11,Baetidae,0,Cl-,13.91,development
US11/11,Baetidae,0,DO,7.83,development
US11/11,Baetidae,0,Turbidity,0.8,development
US11/11,Baetidae,0,COD,18.7,development
US11/11,Baetidae,0,NO3--N,0.29,development
US11/11,Baetidae,0,NH4+-N,0.05,development
US11/11,Baetidae,0,velocity,0.12,development
US11/11,Baetidae,0,Elevation,196,development
US12/11,Baetidae,3,Temperature,23.68,development
US12/11,Baetidae,3,Conductivity,173,development
US12/11,Baetidae,3,pH,8.25,development
US12/11,Baetidae,3,Chlorophyll,4,development
US12/11,Baetidae,3,Cl-,17.7,development
US12/11,Baetidae,3,DO,8.95,development
US12/11,Baetidae,3,Turbidity,0.83,development
US12/11,Baetidae,3,COD,18.2,development
US12/11,Baetidae,3,NO3--N,0.64,development
US12/11,Baetidae,3,NH4+-N,0.07,development
US12/11,Baetidae,3,velocity,0.27,development
US12/11,Baetidae,3,Elevation,208,development
US13/11,Baetidae,1,Temperature,22.94,development
US13/11,Baetidae,1,Conductivity,93,development
US13/11,Baetidae,1,pH,7.51,development
US13/11,Baetidae,1,Chlorophyll,1.26,development
US13/11,Baetidae,1,Cl-,1.31,development
US13/11,Baetidae,1,DO,7.8,development
US13/11,Baetidae,1,Turbidity,0.8,development
US13/11,Baetidae,1,COD,13.8,development
US13/11,Baetidae,1,NO3--N,0.33,development
US13/11,Baetidae,1,NH4+-N,0.05,development
US13/11,Baetidae,1,velocity,0.06,development
US13/11,Baetidae,1,Elevation,198,development
US14/11,Baetidae,3,Temperature,24.73,development
US14/11,Baetidae,3,Conductivity,116,development
US14/11,Baetidae,3,pH,7.42,development
US14/11,Baetidae,3,Chlorophyll,2.35,development
US14/11,Baetidae,3,Cl-,2.11,development
US14/11,Baetidae,3,DO,6.92,development
US14/11,Baetidae,3,Turbidity,6.05,development
US14/11,Baetidae,3,COD,21.7,development
US14/11,Baetidae,3,NO3--N,0.25,development
US14/11,Baetidae,3,NH4+-N,0.08,development
US14/11,Baetidae,3,velocity,0.5,development
US14/11,Baetidae,3,Elevation,188,development
US15/11,Baetidae,2,Temperature,26.69,development
US15/11,Baetidae,2,Conductivity,724.5,development
US15/11,Baetidae,2,pH,8,development
US15/11,Baetidae,2,Chlorophyll,4.38,development
US15/11,Baetidae,2,Cl-,28.01,development
US15/11,Baetidae,2,DO,7.86,development
US15/11,Baetidae,2,Turbidity,8.7,development
US15/11,Baetidae,2,COD,25.2,development
US15/11,Baetidae,2,NO3--N,0.35,development
US15/11,Baetidae,2,NH4+-N,0.09,development
US15/11,Baetidae,2,velocity,0.15,development
US15/11,Baetidae,2,Elevation,165,development
US16/11,Baetidae,3,Temperature,25.05,optimisation
US16/11,Baetidae,3,Conductivity,124.67,optimisation
US16/11,Baetidae,3,pH,8.15,optimisation
US16/11,Baetidae,3,Chlorophyll,1.9,optimisation
US16/11,Baetidae,3,Cl-,1.96,optimisation
US16/11,Baetidae,3,DO,8.24,optimisation
US16/11,Baetidae,3,Turbidity,1.35,optimisation
US16/11,Baetidae,3,COD,15.3,optimisation
US16/11,Baetidae,3,NO3--N,0.58,optimisation
US16/11,Baetidae,3,NH4+-N,0.03,optimisation
US16/11,Baetidae,3,velocity,0.5,optimisation
US16/11,Baetidae,3,Elevation,200,optimisation
US17/11,Baetidae,8,Temperature,25.11,optimisation
US17/11,Baetidae,8,Conductivity,138,optimisation
US17/11,Baetidae,8,pH,8.8,optimisation
US17/11,Baetidae,8,Chlorophyll,3.55,optimisation
US17/11,Baetidae,8,Cl-,6.04,optimisation
US17/11,Baetidae,8,DO,8.37,optimisation
US17/11,Baetidae,8,Turbidity,1.25,optimisation
US17/11,Baetidae,8,COD,13.6,optimisation
US17/11,Baetidae,8,NO3--N,0.75,optimisation
US17/11,Baetidae,8,NH4+-N,0.03,optimisation
US17/11,Baetidae,8,velocity,0.8,optimisation
US17/11,Baetidae,8,Elevation,204,optimisation
US2/10,Baetidae,0,Temperature,24.22,development
US2/10,Baetidae,0,Conductivity,133,development
US2/10,Baetidae,0,pH,7.7,development
US2/10,Baetidae,0,Chlorophyll,2.65,development
US2/10,Baetidae,0,Cl-,5.94,development
US2/10,Baetidae,0,DO,7.55,development
US2/10,Baetidae,0,Turbidity,0.6,development
US2/10,Baetidae,0,COD,6.96,development
US2/10,Baetidae,0,NO3--N,0.23,development
US2/10,Baetidae,0,NH4+-N,0.13,development
US2/10,Baetidae,0,velocity,0.05,development
US2/10,Baetidae,0,Elevation,158,development
US3/10,Baetidae,0,Temperature,22.62,development
US3/10,Baetidae,0,Conductivity,120,development
US3/10,Baetidae,0,pH,7.66,development
US3/10,Baetidae,0,Chlorophyll,2.5,development
US3/10,Baetidae,0,Cl-,1.04,development
US3/10,Baetidae,0,DO,7.63,development
US3/10,Baetidae,0,Turbidity,2.58,development
US3/10,Baetidae,0,COD,7.22,development
US3/10,Baetidae,0,NO3--N,0.8,development
US3/10,Baetidae,0,NH4+-N,0.09,development
US3/10,Baetidae,0,velocity,0.2,development
US3/10,Baetidae,0,Elevation,160,development
US4/10,Baetidae,2,Temperature,23.73,optimisation
US4/10,Baetidae,2,Conductivity,113,optimisation
US4/10,Baetidae,2,pH,7.54,optimisation
US4/10,Baetidae,2,Chlorophyll,2.74,optimisation
US4/10,Baetidae,2,Cl-,2.21,optimisation
US4/10,Baetidae,2,DO,7.27,optimisation
US4/10,Baetidae,2,Turbidity,1.95,optimisation
US4/10,Baetidae,2,COD,7.86,optimisation
US4/10,Baetidae,2,NO3--N,0.4,optimisation
US4/10,Baetidae,2,NH4+-N,0.1,optimisation
US4/10,Baetidae,2,velocity,0.6,optimisation
US4/10,Baetidae,2,Elevation,170,optimisation
US5/10,Baetidae,1,Temperature,24.23,optimisation
US5/10,Baetidae,1,Conductivity,145,optimisation
US5/10,Baetidae,1,pH,8.39,optimisation
US5/10,Baetidae,1,Chlorophyll,2.82,optimisation
US5/10,Baetidae,1,Cl-,9.83,optimisation
US5/10,Baetidae,1,DO,9.41,optimisation
US5/10,Baetidae,1,Turbidity,1.2,optimisation
US5/10,Baetidae,1,COD,12.3,optimisation
US5/10,Baetidae,1,NO3--N,0.25,optimisation
US5/10,Baetidae,1,NH4+-N,0.06,optimisation
US5/10,Baetidae,1,velocity,0.45,optimisation
US5/10,Baetidae,1,Elevation,177,optimisation
US6/10,Baetidae,2,Temperature,24.2,development
US6/10,Baetidae,2,Conductivity,74,development
US6/10,Baetidae,2,pH,7.42,development
US6/10,Baetidae,2,Chlorophyll,2.82,development
US6/10,Baetidae,2,Cl-,1.35,development
US6/10,Baetidae,2,DO,7.95,development
US6/10,Baetidae,2,Turbidity,3.58,development
US6/10,Baetidae,2,COD,6.96,development
US6/10,Baetidae,2,NO3--N,0.33,development
US6/10,Baetidae,2,NH4+-N,0.09,development
US6/10,Baetidae,2,velocity,0.09,development
US6/10,Baetidae,2,Elevation,165,development
US7/10,Baetidae,0,Temperature,25.03,optimisation
US7/10,Baetidae,0,Conductivity,71,optimisation
US7/10,Baetidae,0,pH,8.42,optimisation
US7/10,Baetidae,0,Chlorophyll,2.83,optimisation
US7/10,Baetidae,0,Cl-,1.66,optimisation
US7/10,Baetidae,0,DO,9.45,optimisation
US7/10,Baetidae,0,Turbidity,1.58,optimisation
US7/10,Baetidae,0,COD,10.1,optimisation
US7/10,Baetidae,0,NO3--N,0.23,optimisation
US7/10,Baetidae,0,NH4+-N,0.12,optimisation
US7/10,Baetidae,0,velocity,0.2,optimisation
US7/10,Baetidae,0,Elevation,154,optimisation
US8/10,Baetidae,1,Temperature,25.35,optimisation
US8/10,Baetidae,1,Conductivity,97.25,optimisation
US8/10,Baetidae,1,pH,7.32,optimisation
US8/10,Baetidae,1,Chlorophyll,2.25,optimisation
US8/10,Baetidae,1,Cl-,3.07,optimisation
US8/10,Baetidae,1,DO,6.59,optimisation
US8/10,Baetidae,1,Turbidity,6.38,optimisation
US8/10,Baetidae,1,COD,14.9,optimisation
US8/10,Baetidae,1,NO3--N,0.58,optimisation
US8/10,Baetidae,1,NH4+-N,0.13,optimisation
US8/10,Baetidae,1,velocity,0,optimisation
US8/10,Baetidae,1,Elevation,135,optimisation
US9/10,Baetidae,1,Temperature,25,development
US9/10,Baetidae,1,Conductivity,125,development
US9/10,Baetidae,1,pH,8.66,development
US9/10,Baetidae,1,Chlorophyll,2.4,development
US9/10,Baetidae,1,Cl-,3.4,development
US9/10,Baetidae,1,DO,9.59,development
US9/10,Baetidae,1,Turbidity,1.13,development
US9/10,Baetidae,1,COD,60,development
US9/10,Baetidae,1,NO3--N,0.23,development
US9/10,Baetidae,1,NH4+-N,0.08,development
US9/10,Baetidae,1,velocity,0.33,development
US9/10,Baetidae,1,Elevation,107,development
V1/19,Baetidae,62,Temperature,25.46,development
V1/19,Baetidae,62,Conductivity,147,development
V1/19,Baetidae,62,pH,7.78,development
V1/19,Baetidae,62,Chlorophyll,1.23,development
V1/19,Baetidae,62,Cl-,6.02,development
V1/19,Baetidae,62,DO,8,development
V1/19,Baetidae,62,Turbidity,1.8,development
V1/19,Baetidae,62,COD,7.26,development
V1/19,Baetidae,62,NO3--N,0.23,development
V1/19,Baetidae,62,NH4+-N,0.07,development
V1/19,Baetidae,62,velocity,0.4,development
V1/19,Baetidae,62,Elevation,19,development
V2/19,Baetidae,0,Temperature,23.86,optimisation
V2/19,Baetidae,0,Conductivity,130,optimisation
V2/19,Baetidae,0,pH,7.79,optimisation
V2/19,Baetidae,0,Chlorophyll,3.75,optimisation
V2/19,Baetidae,0,Cl-,10.49,optimisation
V2/19,Baetidae,0,DO,8.2,optimisation
V2/19,Baetidae,0,Turbidity,22.75,optimisation
V2/19,Baetidae,0,COD,8.14,optimisation
V2/19,Baetidae,0,NO3--N,0.23,optimisation
V2/19,Baetidae,0,NH4+-N,0.13,optimisation
V2/19,Baetidae,0,velocity,0.3,optimisation
V2/19,Baetidae,0,Elevation,66,optimisation
V3/19,Baetidae,0,Temperature,23.91,development
V3/19,Baetidae,0,Conductivity,84,development
V3/19,Baetidae,0,pH,7.42,development
V3/19,Baetidae,0,Chlorophyll,1.77,development
V3/19,Baetidae,0,Cl-,0.8,development
V3/19,Baetidae,0,DO,7.52,development
V3/19,Baetidae,0,Turbidity,0.77,development
V3/19,Baetidae,0,COD,10.5,development
V3/19,Baetidae,0,NO3--N,0.55,development
V3/19,Baetidae,0,NH4+-N,0.06,development
V3/19,Baetidae,0,velocity,0.03,development
V3/19,Baetidae,0,Elevation,56,development
V4/19,Baetidae,17,Temperature,25.48,optimisation
V4/19,Baetidae,17,Conductivity,96,optimisation
V4/19,Baetidae,17,pH,8.51,optimisation
V4/19,Baetidae,17,Chlorophyll,3.03,optimisation
V4/19,Baetidae,17,Cl-,1.17,optimisation
V4/19,Baetidae,17,DO,8.91,optimisation
V4/19,Baetidae,17,Turbidity,0.98,optimisation
V4/19,Baetidae,17,COD,5,optimisation
V4/19,Baetidae,17,NO3--N,0.23,optimisation
V4/19,Baetidae,17,NH4+-N,0.05,optimisation
V4/19,Baetidae,17,velocity,0.45,optimisation
V4/19,Baetidae,17,Elevation,91,optimisation
V5/19,Baetidae,0,Temperature,24.25,development
V5/19,Baetidae,0,Conductivity,191,development
V5/19,Baetidae,0,pH,8.38,development
V5/19,Baetidae,0,Chlorophyll,1.6,development
V5/19,Baetidae,0,Cl-,13.66,development
V5/19,Baetidae,0,DO,8.34,development
V5/19,Baetidae,0,Turbidity,2.6,development
V5/19,Baetidae,0,COD,10.7,development
V5/19,Baetidae,0,NO3--N,0.23,development
V5/19,Baetidae,0,NH4+-N,0.07,development
V5/19,Baetidae,0,velocity,0.6,development
V5/19,Baetidae,0,Elevation,134,development
V6/19,Baetidae,3,Temperature,28.1,optimisation
V6/19,Baetidae,3,Conductivity,121,optimisation
V6/19,Baetidae,3,pH,8.45,optimisation
V6/19,Baetidae,3,Chlorophyll,1.05,optimisation
V6/19,Baetidae,3,Cl-,3.65,optimisation
V6/19,Baetidae,3,DO,9.5,optimisation
V6/19,Baetidae,3,Turbidity,2.1,optimisation
V6/19,Baetidae,3,COD,8.73,optimisation
V6/19,Baetidae,3,NO3--N,0.23,optimisation
V6/19,Baetidae,3,NH4+-N,0.07,optimisation
V6/19,Baetidae,3,velocity,0.35,optimisation
V6/19,Baetidae,3,Elevation,71,optimisation
V7/19,Baetidae,3,Temperature,25.04,optimisation
V7/19,Baetidae,3,Conductivity,187,optimisation
V7/19,Baetidae,3,pH,7.3,optimisation
V7/19,Baetidae,3,Chlorophyll,2.44,optimisation
V7/19,Baetidae,3,Cl-,1.62,optimisation
V7/19,Baetidae,3,DO,4.77,optimisation
V7/19,Baetidae,3,Turbidity,5.07,optimisation
V7/19,Baetidae,3,COD,18.1,optimisation
V7/19,Baetidae,3,NO3--N,0.25,optimisation
V7/19,Baetidae,3,NH4+-N,0.07,optimisation
V7/19,Baetidae,3,velocity,0.2,optimisation
V7/19,Baetidae,3,Elevation,44,optimisation
V8/19,Baetidae,1,Temperature,26.93,development
V8/19,Baetidae,1,Conductivity,122,development
V8/19,Baetidae,1,pH,8.22,development
V8/19,Baetidae,1,Chlorophyll,1.23,development
V8/19,Baetidae,1,Cl-,3.13,development
V8/19,Baetidae,1,DO,8.63,development
V8/19,Baetidae,1,Turbidity,2.23,development
V8/19,Baetidae,1,COD,7.25,development
V8/19,Baetidae,1,NO3--N,0.23,development
V8/19,Baetidae,1,NH4+-N,0.05,development
V8/19,Baetidae,1,velocity,0.12,development
V8/19,Baetidae,1,Elevation,37,development
