,ID,taxon,variable,value,a1,a2,a3,a4,type,HSI
0,BB1/9,Baetidae,Temperature,26.46,21.482,24.805,27.01,29.478,acute,1.0
1,BB2/9,Baetidae,Temperature,26.79,21.482,24.805,27.01,29.478,acute,1.0
2,BB3/9,Baetidae,Temperature,25.14,21.482,24.805,27.01,29.478,acute,1.0
3,BB4/9,Baetidae,Temperature,24.16,21.482,24.805,27.01,29.478,acute,0.805898284683
4,BH1/17,Baetidae,Temperature,25.76,21.482,24.805,27.01,29.478,acute,1.0
5,BH2/17,Baetidae,Temperature,26.48,21.482,24.805,27.01,29.478,acute,1.0
6,BH3/17,Baetidae,Temperature,26.01,21.482,24.805,27.01,29.478,acute,1.0
7,BH4/17,Baetidae,Temperature,26.39,21.482,24.805,27.01,29.478,acute,1.0
8,BH5/17,Baetidae,Temperature,28.42,21.482,24.805,27.01,29.478,acute,0.42868719611
9,BH6/26,Baetidae,Temperature,26.06,21.482,24.805,27.01,29.478,acute,1.0
10,C1/20,Baetidae,Temperature,25.3,21.482,24.805,27.01,29.478,acute,1.0
11,C2/20,Baetidae,Temperature,24.7,21.482,24.805,27.01,29.478,acute,0.968402046344
12,C3/20,Baetidae,Temperature,24.92,21.482,24.805,27.01,29.478,acute,1.0
13,C4/20,Baetidae,Temperature,22.9,21.482,24.805,27.01,29.478,acute,0.426722840806
14,C5/20,Baetidae,Temperature,21.38,21.482,24.805,27.01,29.478,acute,0.0
15,C6/20,Baetidae,Temperature,20.55,21.482,24.805,27.01,29.478,acute,0.0
16,C7/20,Baetidae,Temperature,19.93,21.482,24.805,27.01,29.478,acute,0.0
17,DPR4,Baetidae,Temperature,28.21,21.482,24.805,27.01,29.478,acute,0.513776337115
18,DPR5,Baetidae,Temperature,27.53,21.482,24.805,27.01,29.478,acute,0.789303079417
19,DS1/4,Baetidae,Temperature,27.48,21.482,24.805,27.01,29.478,acute,0.809562398703
20,DS1/5,Baetidae,Temperature,25.64,21.482,24.805,27.01,29.478,acute,1.0
21,DS10/23,Baetidae,Temperature,34.0,21.482,24.805,27.01,29.478,acute,0.0
22,DS11/23,Baetidae,Temperature,32.22,21.482,24.805,27.01,29.478,acute,0.0
23,DS12/23,Baetidae,Temperature,30.96,21.482,24.805,27.01,29.478,acute,0.0
24,DS13/23,Baetidae,Temperature,29.07,21.482,24.805,27.01,29.478,acute,0.165316045381
25,DS14/24,Baetidae,Temperature,23.76,21.482,24.805,27.01,29.478,acute,0.685525127896
26,DS15/24,Baetidae,Temperature,25.57,21.482,24.805,27.01,29.478,acute,1.0
27,DS16/24,Baetidae,Temperature,24.61,21.482,24.805,27.01,29.478,acute,0.941318086067
28,DS17/24,Baetidae,Temperature,25.1,21.482,24.805,27.01,29.478,acute,1.0
29,DS18/24,Baetidae,Temperature,26.38,21.482,24.805,27.01,29.478,acute,1.0
30,DS19/24,Baetidae,Temperature,22.06,21.482,24.805,27.01,29.478,acute,0.173939211556
31,DS2/4,Baetidae,Temperature,28.86,21.482,24.805,27.01,29.478,acute,0.250405186386
32,DS2/5,Baetidae,Temperature,25.64,21.482,24.805,27.01,29.478,acute,1.0
33,DS20/24,Baetidae,Temperature,23.59,21.482,24.805,27.01,29.478,acute,0.634366536262
34,DS21/24,Baetidae,Temperature,24.0,21.482,24.805,27.01,29.478,acute,0.757749021968
35,DS22/25,Baetidae,Temperature,26.14,21.482,24.805,27.01,29.478,acute,1.0
36,DS23/25,Baetidae,Temperature,25.49,21.482,24.805,27.01,29.478,acute,1.0
37,DS24/25,Baetidae,Temperature,25.03,21.482,24.805,27.01,29.478,acute,1.0
38,DS25/25,Baetidae,Temperature,25.13,21.482,24.805,27.01,29.478,acute,1.0
39,DS26/25,Baetidae,Temperature,24.94,21.482,24.805,27.01,29.478,acute,1.0
40,DS27/25,Baetidae,Temperature,24.83,21.482,24.805,27.01,29.478,acute,1.0
41,DS28/25,Baetidae,Temperature,25.9,21.482,24.805,27.01,29.478,acute,1.0
42,DS29/26,Baetidae,Temperature,25.61,21.482,24.805,27.01,29.478,acute,1.0
43,DS3/4,Baetidae,Temperature,27.35,21.482,24.805,27.01,29.478,acute,0.862236628849
44,DS3/5,Baetidae,Temperature,25.88,21.482,24.805,27.01,29.478,acute,1.0
45,DS30/26,Baetidae,Temperature,26.21,21.482,24.805,27.01,29.478,acute,1.0
46,DS31/26,Baetidae,Temperature,27.01,21.482,24.805,27.01,29.478,acute,1.0
47,DS32/26,Baetidae,Temperature,27.01,21.482,24.805,27.01,29.478,acute,1.0
48,DS33/26,Baetidae,Temperature,26.08,21.482,24.805,27.01,29.478,acute,1.0
49,DS4/4,Baetidae,Temperature,26.68,21.482,24.805,27.01,29.478,acute,1.0
50,DS4/5,Baetidae,Temperature,25.71,21.482,24.805,27.01,29.478,acute,1.0
51,DS5/4,Baetidae,Temperature,26.08,21.482,24.805,27.01,29.478,acute,1.0
52,DS5/5,Baetidae,Temperature,24.43,21.482,24.805,27.01,29.478,acute,0.887150165513
53,DS6/4,Baetidae,Temperature,26.79,21.482,24.805,27.01,29.478,acute,1.0
54,DS6/5,Baetidae,Temperature,24.97,21.482,24.805,27.01,29.478,acute,1.0
55,DS7/23,Baetidae,Temperature,29.27,21.482,24.805,27.01,29.478,acute,0.0842787682334
56,DS8/23,Baetidae,Temperature,32.61,21.482,24.805,27.01,29.478,acute,0.0
57,DS9/23,Baetidae,Temperature,30.38,21.482,24.805,27.01,29.478,acute,0.0
58,M1/18,Baetidae,Temperature,20.78,21.482,24.805,27.01,29.478,acute,0.0
59,M2/18,Baetidae,Temperature,21.26,21.482,24.805,27.01,29.478,acute,0.0
60,M3/18,Baetidae,Temperature,21.27,21.482,24.805,27.01,29.478,acute,0.0
61,M4/18,Baetidae,Temperature,20.73,21.482,24.805,27.01,29.478,acute,0.0
62,M5/18,Baetidae,Temperature,19.04,21.482,24.805,27.01,29.478,acute,0.0
63,M6/18,Baetidae,Temperature,24.99,21.482,24.805,27.01,29.478,acute,1.0
64,Q1/12,Baetidae,Temperature,26.2,21.482,24.805,27.01,29.478,acute,1.0
65,R1/6,Baetidae,Temperature,25.62,21.482,24.805,27.01,29.478,acute,1.0
66,R10/12,Baetidae,Temperature,28.91,21.482,24.805,27.01,29.478,acute,0.230145867099
67,R11/12,Baetidae,Temperature,28.51,21.482,24.805,27.01,29.478,acute,0.392220421394
68,R12/12,Baetidae,Temperature,27.87,21.482,24.805,27.01,29.478,acute,0.651539708266
69,R13/12,Baetidae,Temperature,28.71,21.482,24.805,27.01,29.478,acute,0.311183144246
70,R14/12,Baetidae,Temperature,29.24,21.482,24.805,27.01,29.478,acute,0.0964343598055
71,R15/12,Baetidae,Temperature,28.53,21.482,24.805,27.01,29.478,acute,0.384116693679
72,R16/12,Baetidae,Temperature,29.52,21.482,24.805,27.01,29.478,acute,0.0
73,R17/12,Baetidae,Temperature,29.74,21.482,24.805,27.01,29.478,acute,0.0
74,R18/12,Baetidae,Temperature,29.64,21.482,24.805,27.01,29.478,acute,0.0
75,R19/13,Baetidae,Temperature,26.54,21.482,24.805,27.01,29.478,acute,1.0
76,R2/6,Baetidae,Temperature,27.09,21.482,24.805,27.01,29.478,acute,0.967585089141
77,R20/13,Baetidae,Temperature,26.59,21.482,24.805,27.01,29.478,acute,1.0
78,R21/13,Baetidae,Temperature,26.51,21.482,24.805,27.01,29.478,acute,1.0
79,R22/13,Baetidae,Temperature,26.81,21.482,24.805,27.01,29.478,acute,1.0
80,R23/13,Baetidae,Temperature,26.77,21.482,24.805,27.01,29.478,acute,1.0
81,R24/13,Baetidae,Temperature,26.82,21.482,24.805,27.01,29.478,acute,1.0
82,R25/13,Baetidae,Temperature,26.69,21.482,24.805,27.01,29.478,acute,1.0
83,R26/13,Baetidae,Temperature,27.01,21.482,24.805,27.01,29.478,acute,1.0
84,R27/13,Baetidae,Temperature,27.38,21.482,24.805,27.01,29.478,acute,0.850081037277
85,R28/13,Baetidae,Temperature,26.65,21.482,24.805,27.01,29.478,acute,1.0
86,R29/13,Baetidae,Temperature,26.75,21.482,24.805,27.01,29.478,acute,1.0
87,R3/6,Baetidae,Temperature,27.79,21.482,24.805,27.01,29.478,acute,0.683954619125
88,R30/13,Baetidae,Temperature,27.05,21.482,24.805,27.01,29.478,acute,0.983792544571
89,R4/6,Baetidae,Temperature,27.96,21.482,24.805,27.01,29.478,acute,0.615072933549
90,R5/6,Baetidae,Temperature,27.67,21.482,24.805,27.01,29.478,acute,0.732576985413
91,R6/6,Baetidae,Temperature,27.86,21.482,24.805,27.01,29.478,acute,0.655591572123
92,R7/6,Baetidae,Temperature,27.92,21.482,24.805,27.01,29.478,acute,0.631280388979
93,R8/6,Baetidae,Temperature,27.93,21.482,24.805,27.01,29.478,acute,0.627228525122
94,R9/6,Baetidae,Temperature,28.36,21.482,24.805,27.01,29.478,acute,0.452998379254
95,US1/10,Baetidae,Temperature,23.38,21.482,24.805,27.01,29.478,acute,0.57117062895
96,US10/10,Baetidae,Temperature,25.0,21.482,24.805,27.01,29.478,acute,1.0
97,US11/11,Baetidae,Temperature,23.51,21.482,24.805,27.01,29.478,acute,0.610291904905
98,US12/11,Baetidae,Temperature,23.68,21.482,24.805,27.01,29.478,acute,0.661450496539
99,US13/11,Baetidae,Temperature,22.94,21.482,24.805,27.01,29.478,acute,0.438760156485
100,US14/11,Baetidae,Temperature,24.73,21.482,24.805,27.01,29.478,acute,0.977430033103
101,US15/11,Baetidae,Temperature,26.69,21.482,24.805,27.01,29.478,acute,1.0
102,US16/11,Baetidae,Temperature,25.05,21.482,24.805,27.01,29.478,acute,1.0
103,US17/11,Baetidae,Temperature,25.11,21.482,24.805,27.01,29.478,acute,1.0
104,US2/10,Baetidae,Temperature,24.22,21.482,24.805,27.01,29.478,acute,0.8239542582
105,US3/10,Baetidae,Temperature,22.62,21.482,24.805,27.01,29.478,acute,0.342461631056
106,US4/10,Baetidae,Temperature,23.73,21.482,24.805,27.01,29.478,acute,0.676497141138
107,US5/10,Baetidae,Temperature,24.23,21.482,24.805,27.01,29.478,acute,0.82696358712
108,US6/10,Baetidae,Temperature,24.2,21.482,24.805,27.01,29.478,acute,0.817935600361
109,US7/10,Baetidae,Temperature,25.03,21.482,24.805,27.01,29.478,acute,1.0
110,US8/10,Baetidae,Temperature,25.35,21.482,24.805,27.01,29.478,acute,1.0
111,US9/10,Baetidae,Temperature,25.0,21.482,24.805,27.01,29.478,acute,1.0
112,V1/19,Baetidae,Temperature,25.46,21.482,24.805,27.01,29.478,acute,1.0
113,V2/19,Baetidae,Temperature,23.86,21.482,24.805,27.01,29.478,acute,0.715618417093
114,V3/19,Baetidae,Temperature,23.91,21.482,24.805,27.01,29.478,acute,0.730665061691
115,V4/19,Baetidae,Temperature,25.48,21.482,24.805,27.01,29.478,acute,1.0
116,V5/19,Baetidae,Temperature,24.25,21.482,24.805,27.01,29.478,acute,0.832982244959
117,V6/19,Baetidae,Temperature,28.1,21.482,24.805,27.01,29.478,acute,0.558346839546
118,V7/19,Baetidae,Temperature,25.04,21.482,24.805,27.01,29.478,acute,1.0
119,V8/19,Baetidae,Temperature,26.93,21.482,24.805,27.01,29.478,acute,1.0
120,BB1/9,Baetidae,Conductivity,142.0,71.0,80.65,208.0,526.43,acute,1.0
121,BB2/9,Baetidae,Conductivity,103.0,71.0,80.65,208.0,526.43,acute,1.0
122,BB3/9,Baetidae,Conductivity,99.0,71.0,80.65,208.0,526.43,acute,1.0
123,BB4/9,Baetidae,Conductivity,82.0,71.0,80.65,208.0,526.43,acute,1.0
124,BH1/17,Baetidae,Conductivity,939.25,71.0,80.65,208.0,526.43,acute,0.0
125,BH2/17,Baetidae,Conductivity,540.75,71.0,80.65,208.0,526.43,acute,0.0
126,BH3/17,Baetidae,Conductivity,325.0,71.0,80.65,208.0,526.43,acute,0.632572307886
127,BH4/17,Baetidae,Conductivity,166.0,71.0,80.65,208.0,526.43,acute,1.0
128,BH5/17,Baetidae,Conductivity,139.33,71.0,80.65,208.0,526.43,acute,1.0
129,BH6/26,Baetidae,Conductivity,187.0,71.0,80.65,208.0,526.43,acute,1.0
130,C1/20,Baetidae,Conductivity,148.0,71.0,80.65,208.0,526.43,acute,1.0
131,C2/20,Baetidae,Conductivity,102.0,71.0,80.65,208.0,526.43,acute,1.0
132,C3/20,Baetidae,Conductivity,79.0,71.0,80.65,208.0,526.43,acute,0.829015544041
133,C4/20,Baetidae,Conductivity,126.0,71.0,80.65,208.0,526.43,acute,1.0
134,C5/20,Baetidae,Conductivity,67.0,71.0,80.65,208.0,526.43,acute,0.0
135,C6/20,Baetidae,Conductivity,105.0,71.0,80.65,208.0,526.43,acute,1.0
136,C7/20,Baetidae,Conductivity,128.0,71.0,80.65,208.0,526.43,acute,1.0
137,DPR4,Baetidae,Conductivity,105.0,71.0,80.65,208.0,526.43,acute,1.0
138,DPR5,Baetidae,Conductivity,89.0,71.0,80.65,208.0,526.43,acute,1.0
139,DS1/4,Baetidae,Conductivity,157.0,71.0,80.65,208.0,526.43,acute,1.0
140,DS1/5,Baetidae,Conductivity,83.0,71.0,80.65,208.0,526.43,acute,1.0
141,DS10/23,Baetidae,Conductivity,755.67,71.0,80.65,208.0,526.43,acute,0.0
142,DS11/23,Baetidae,Conductivity,688.0,71.0,80.65,208.0,526.43,acute,0.0
143,DS12/23,Baetidae,Conductivity,537.8,71.0,80.65,208.0,526.43,acute,0.0
144,DS13/23,Baetidae,Conductivity,504.0,71.0,80.65,208.0,526.43,acute,0.0704393430267
145,DS14/24,Baetidae,Conductivity,297.0,71.0,80.65,208.0,526.43,acute,0.720503721383
146,DS15/24,Baetidae,Conductivity,334.5,71.0,80.65,208.0,526.43,acute,0.602738435449
147,DS16/24,Baetidae,Conductivity,276.0,71.0,80.65,208.0,526.43,acute,0.786452281506
148,DS17/24,Baetidae,Conductivity,255.0,71.0,80.65,208.0,526.43,acute,0.852400841629
149,DS18/24,Baetidae,Conductivity,195.0,71.0,80.65,208.0,526.43,acute,1.0
150,DS19/24,Baetidae,Conductivity,208.0,71.0,80.65,208.0,526.43,acute,1.0
151,DS2/4,Baetidae,Conductivity,99.0,71.0,80.65,208.0,526.43,acute,1.0
152,DS2/5,Baetidae,Conductivity,83.0,71.0,80.65,208.0,526.43,acute,1.0
153,DS20/24,Baetidae,Conductivity,290.75,71.0,80.65,208.0,526.43,acute,0.740131269039
154,DS21/24,Baetidae,Conductivity,163.0,71.0,80.65,208.0,526.43,acute,1.0
155,DS22/25,Baetidae,Conductivity,378.0,71.0,80.65,208.0,526.43,acute,0.466130703765
156,DS23/25,Baetidae,Conductivity,303.0,71.0,80.65,208.0,526.43,acute,0.701661275634
157,DS24/25,Baetidae,Conductivity,273.2,71.0,80.65,208.0,526.43,acute,0.795245422856
158,DS25/25,Baetidae,Conductivity,188.17,71.0,80.65,208.0,526.43,acute,1.0
159,DS26/25,Baetidae,Conductivity,178.0,71.0,80.65,208.0,526.43,acute,1.0
160,DS27/25,Baetidae,Conductivity,208.0,71.0,80.65,208.0,526.43,acute,1.0
161,DS28/25,Baetidae,Conductivity,103.33,71.0,80.65,208.0,526.43,acute,1.0
162,DS29/26,Baetidae,Conductivity,272.0,71.0,80.65,208.0,526.43,acute,0.799013912006
163,DS3/4,Baetidae,Conductivity,125.0,71.0,80.65,208.0,526.43,acute,1.0
164,DS3/5,Baetidae,Conductivity,98.0,71.0,80.65,208.0,526.43,acute,1.0
165,DS30/26,Baetidae,Conductivity,136.25,71.0,80.65,208.0,526.43,acute,1.0
166,DS31/26,Baetidae,Conductivity,326.0,71.0,80.65,208.0,526.43,acute,0.629431900261
167,DS32/26,Baetidae,Conductivity,332.0,71.0,80.65,208.0,526.43,acute,0.610589454511
168,DS33/26,Baetidae,Conductivity,462.0,71.0,80.65,208.0,526.43,acute,0.202336463273
169,DS4/4,Baetidae,Conductivity,94.0,71.0,80.65,208.0,526.43,acute,1.0
170,DS4/5,Baetidae,Conductivity,375.0,71.0,80.65,208.0,526.43,acute,0.47555192664
171,DS5/4,Baetidae,Conductivity,129.0,71.0,80.65,208.0,526.43,acute,1.0
172,DS5/5,Baetidae,Conductivity,256.0,71.0,80.65,208.0,526.43,acute,0.849260434004
173,DS6/4,Baetidae,Conductivity,749.25,71.0,80.65,208.0,526.43,acute,0.0
174,DS6/5,Baetidae,Conductivity,183.2,71.0,80.65,208.0,526.43,acute,1.0
175,DS7/23,Baetidae,Conductivity,1981.0,71.0,80.65,208.0,526.43,acute,0.0
176,DS8/23,Baetidae,Conductivity,594.0,71.0,80.65,208.0,526.43,acute,0.0
177,DS9/23,Baetidae,Conductivity,737.75,71.0,80.65,208.0,526.43,acute,0.0
178,M1/18,Baetidae,Conductivity,137.0,71.0,80.65,208.0,526.43,acute,1.0
179,M2/18,Baetidae,Conductivity,126.0,71.0,80.65,208.0,526.43,acute,1.0
180,M3/18,Baetidae,Conductivity,119.6,71.0,80.65,208.0,526.43,acute,1.0
181,M4/18,Baetidae,Conductivity,126.0,71.0,80.65,208.0,526.43,acute,1.0
182,M5/18,Baetidae,Conductivity,88.0,71.0,80.65,208.0,526.43,acute,1.0
183,M6/18,Baetidae,Conductivity,134.25,71.0,80.65,208.0,526.43,acute,1.0
184,Q1/12,Baetidae,Conductivity,200.0,71.0,80.65,208.0,526.43,acute,1.0
185,R1/6,Baetidae,Conductivity,36.5,71.0,80.65,208.0,526.43,acute,0.0
186,R10/12,Baetidae,Conductivity,79.0,71.0,80.65,208.0,526.43,acute,0.829015544041
187,R11/12,Baetidae,Conductivity,79.0,71.0,80.65,208.0,526.43,acute,0.829015544041
188,R12/12,Baetidae,Conductivity,77.0,71.0,80.65,208.0,526.43,acute,0.621761658031
189,R13/12,Baetidae,Conductivity,78.0,71.0,80.65,208.0,526.43,acute,0.725388601036
190,R14/12,Baetidae,Conductivity,78.0,71.0,80.65,208.0,526.43,acute,0.725388601036
191,R15/12,Baetidae,Conductivity,79.0,71.0,80.65,208.0,526.43,acute,0.829015544041
192,R16/12,Baetidae,Conductivity,79.6,71.0,80.65,208.0,526.43,acute,0.891191709845
193,R17/12,Baetidae,Conductivity,81.0,71.0,80.65,208.0,526.43,acute,1.0
194,R18/12,Baetidae,Conductivity,77.0,71.0,80.65,208.0,526.43,acute,0.621761658031
195,R19/13,Baetidae,Conductivity,75.0,71.0,80.65,208.0,526.43,acute,0.414507772021
196,R2/6,Baetidae,Conductivity,76.0,71.0,80.65,208.0,526.43,acute,0.518134715026
197,R20/13,Baetidae,Conductivity,73.5,71.0,80.65,208.0,526.43,acute,0.259067357513
198,R21/13,Baetidae,Conductivity,72.0,71.0,80.65,208.0,526.43,acute,0.103626943005
199,R22/13,Baetidae,Conductivity,72.0,71.0,80.65,208.0,526.43,acute,0.103626943005
200,R23/13,Baetidae,Conductivity,71.0,71.0,80.65,208.0,526.43,acute,0.0
201,R24/13,Baetidae,Conductivity,71.0,71.0,80.65,208.0,526.43,acute,0.0
202,R25/13,Baetidae,Conductivity,71.0,71.0,80.65,208.0,526.43,acute,0.0
203,R26/13,Baetidae,Conductivity,71.0,71.0,80.65,208.0,526.43,acute,0.0
204,R27/13,Baetidae,Conductivity,71.0,71.0,80.65,208.0,526.43,acute,0.0
205,R28/13,Baetidae,Conductivity,70.0,71.0,80.65,208.0,526.43,acute,0.0
206,R29/13,Baetidae,Conductivity,72.0,71.0,80.65,208.0,526.43,acute,0.103626943005
207,R3/6,Baetidae,Conductivity,85.0,71.0,80.65,208.0,526.43,acute,1.0
208,R30/13,Baetidae,Conductivity,73.0,71.0,80.65,208.0,526.43,acute,0.20725388601
209,R4/6,Baetidae,Conductivity,83.0,71.0,80.65,208.0,526.43,acute,1.0
210,R5/6,Baetidae,Conductivity,83.0,71.0,80.65,208.0,526.43,acute,1.0
211,R6/6,Baetidae,Conductivity,89.0,71.0,80.65,208.0,526.43,acute,1.0
212,R7/6,Baetidae,Conductivity,109.0,71.0,80.65,208.0,526.43,acute,1.0
213,R8/6,Baetidae,Conductivity,82.0,71.0,80.65,208.0,526.43,acute,1.0
214,R9/6,Baetidae,Conductivity,83.0,71.0,80.65,208.0,526.43,acute,1.0
215,US1/10,Baetidae,Conductivity,119.0,71.0,80.65,208.0,526.43,acute,1.0
216,US10/10,Baetidae,Conductivity,98.0,71.0,80.65,208.0,526.43,acute,1.0
217,US11/11,Baetidae,Conductivity,142.0,71.0,80.65,208.0,526.43,acute,1.0
218,US12/11,Baetidae,Conductivity,173.0,71.0,80.65,208.0,526.43,acute,1.0
219,US13/11,Baetidae,Conductivity,93.0,71.0,80.65,208.0,526.43,acute,1.0
220,US14/11,Baetidae,Conductivity,116.0,71.0,80.65,208.0,526.43,acute,1.0
221,US15/11,Baetidae,Conductivity,724.5,71.0,80.65,208.0,526.43,acute,0.0
222,US16/11,Baetidae,Conductivity,124.67,71.0,80.65,208.0,526.43,acute,1.0
223,US17/11,Baetidae,Conductivity,138.0,71.0,80.65,208.0,526.43,acute,1.0
224,US2/10,Baetidae,Conductivity,133.0,71.0,80.65,208.0,526.43,acute,1.0
225,US3/10,Baetidae,Conductivity,120.0,71.0,80.65,208.0,526.43,acute,1.0
226,US4/10,Baetidae,Conductivity,113.0,71.0,80.65,208.0,526.43,acute,1.0
227,US5/10,Baetidae,Conductivity,145.0,71.0,80.65,208.0,526.43,acute,1.0
228,US6/10,Baetidae,Conductivity,74.0,71.0,80.65,208.0,526.43,acute,0.310880829016
229,US7/10,Baetidae,Conductivity,71.0,71.0,80.65,208.0,526.43,acute,0.0
230,US8/10,Baetidae,Conductivity,97.25,71.0,80.65,208.0,526.43,acute,1.0
231,US9/10,Baetidae,Conductivity,125.0,71.0,80.65,208.0,526.43,acute,1.0
232,V1/19,Baetidae,Conductivity,147.0,71.0,80.65,208.0,526.43,acute,1.0
233,V2/19,Baetidae,Conductivity,130.0,71.0,80.65,208.0,526.43,acute,1.0
234,V3/19,Baetidae,Conductivity,84.0,71.0,80.65,208.0,526.43,acute,1.0
235,V4/19,Baetidae,Conductivity,96.0,71.0,80.65,208.0,526.43,acute,1.0
236,V5/19,Baetidae,Conductivity,191.0,71.0,80.65,208.0,526.43,acute,1.0
237,V6/19,Baetidae,Conductivity,121.0,71.0,80.65,208.0,526.43,acute,1.0
238,V7/19,Baetidae,Conductivity,187.0,71.0,80.65,208.0,526.43,acute,1.0
239,V8/19,Baetidae,Conductivity,122.0,71.0,80.65,208.0,526.43,acute,1.0
240,BB1/9,Baetidae,pH,7.2,6.878,7.18,8.16,8.5055,acute,1.0
241,BB2/9,Baetidae,pH,8.87,6.878,7.18,8.16,8.5055,acute,0.0
242,BB3/9,Baetidae,pH,8.32,6.878,7.18,8.16,8.5055,acute,0.536903039074
243,BB4/9,Baetidae,pH,8.47,6.878,7.18,8.16,8.5055,acute,0.102749638205
244,BH1/17,Baetidae,pH,7.62,6.878,7.18,8.16,8.5055,acute,1.0
245,BH2/17,Baetidae,pH,7.53,6.878,7.18,8.16,8.5055,acute,1.0
246,BH3/17,Baetidae,pH,8.07,6.878,7.18,8.16,8.5055,acute,1.0
247,BH4/17,Baetidae,pH,7.93,6.878,7.18,8.16,8.5055,acute,1.0
248,BH5/17,Baetidae,pH,8.19,6.878,7.18,8.16,8.5055,acute,0.913169319826
249,BH6/26,Baetidae,pH,7.23,6.878,7.18,8.16,8.5055,acute,1.0
250,C1/20,Baetidae,pH,7.54,6.878,7.18,8.16,8.5055,acute,1.0
251,C2/20,Baetidae,pH,7.15,6.878,7.18,8.16,8.5055,acute,0.900662251656
252,C3/20,Baetidae,pH,7.58,6.878,7.18,8.16,8.5055,acute,1.0
253,C4/20,Baetidae,pH,8.22,6.878,7.18,8.16,8.5055,acute,0.826338639653
254,C5/20,Baetidae,pH,8.06,6.878,7.18,8.16,8.5055,acute,1.0
255,C6/20,Baetidae,pH,8.11,6.878,7.18,8.16,8.5055,acute,1.0
256,C7/20,Baetidae,pH,8.12,6.878,7.18,8.16,8.5055,acute,1.0
257,DPR4,Baetidae,pH,7.69,6.878,7.18,8.16,8.5055,acute,1.0
258,DPR5,Baetidae,pH,7.31,6.878,7.18,8.16,8.5055,acute,1.0
259,DS1/4,Baetidae,pH,7.58,6.878,7.18,8.16,8.5055,acute,1.0
260,DS1/5,Baetidae,pH,6.75,6.878,7.18,8.16,8.5055,acute,0.0
261,DS10/23,Baetidae,pH,8.3,6.878,7.18,8.16,8.5055,acute,0.59479015919
262,DS11/23,Baetidae,pH,8.42,6.878,7.18,8.16,8.5055,acute,0.247467438495
263,DS12/23,Baetidae,pH,8.3,6.878,7.18,8.16,8.5055,acute,0.59479015919
264,DS13/23,Baetidae,pH,7.93,6.878,7.18,8.16,8.5055,acute,1.0
265,DS14/24,Baetidae,pH,7.82,6.878,7.18,8.16,8.5055,acute,1.0
266,DS15/24,Baetidae,pH,7.32,6.878,7.18,8.16,8.5055,acute,1.0
267,DS16/24,Baetidae,pH,7.83,6.878,7.18,8.16,8.5055,acute,1.0
268,DS17/24,Baetidae,pH,7.47,6.878,7.18,8.16,8.5055,acute,1.0
269,DS18/24,Baetidae,pH,7.29,6.878,7.18,8.16,8.5055,acute,1.0
270,DS19/24,Baetidae,pH,8.19,6.878,7.18,8.16,8.5055,acute,0.913169319826
271,DS2/4,Baetidae,pH,7.91,6.878,7.18,8.16,8.5055,acute,1.0
272,DS2/5,Baetidae,pH,6.75,6.878,7.18,8.16,8.5055,acute,0.0
273,DS20/24,Baetidae,pH,8.42,6.878,7.18,8.16,8.5055,acute,0.247467438495
274,DS21/24,Baetidae,pH,8.25,6.878,7.18,8.16,8.5055,acute,0.739507959479
275,DS22/25,Baetidae,pH,7.86,6.878,7.18,8.16,8.5055,acute,1.0
276,DS23/25,Baetidae,pH,8.48,6.878,7.18,8.16,8.5055,acute,0.0738060781476
277,DS24/25,Baetidae,pH,7.58,6.878,7.18,8.16,8.5055,acute,1.0
278,DS25/25,Baetidae,pH,7.96,6.878,7.18,8.16,8.5055,acute,1.0
279,DS26/25,Baetidae,pH,7.84,6.878,7.18,8.16,8.5055,acute,1.0
280,DS27/25,Baetidae,pH,7.7,6.878,7.18,8.16,8.5055,acute,1.0
281,DS28/25,Baetidae,pH,7.54,6.878,7.18,8.16,8.5055,acute,1.0
282,DS29/26,Baetidae,pH,6.86,6.878,7.18,8.16,8.5055,acute,0.0
283,DS3/4,Baetidae,pH,7.36,6.878,7.18,8.16,8.5055,acute,1.0
284,DS3/5,Baetidae,pH,6.56,6.878,7.18,8.16,8.5055,acute,0.0
285,DS30/26,Baetidae,pH,7.76,6.878,7.18,8.16,8.5055,acute,1.0
286,DS31/26,Baetidae,pH,7.18,6.878,7.18,8.16,8.5055,acute,1.0
287,DS32/26,Baetidae,pH,7.03,6.878,7.18,8.16,8.5055,acute,0.503311258278
288,DS33/26,Baetidae,pH,6.85,6.878,7.18,8.16,8.5055,acute,0.0
289,DS4/4,Baetidae,pH,7.18,6.878,7.18,8.16,8.5055,acute,1.0
290,DS4/5,Baetidae,pH,8.2,6.878,7.18,8.16,8.5055,acute,0.884225759768
291,DS5/4,Baetidae,pH,7.2,6.878,7.18,8.16,8.5055,acute,1.0
292,DS5/5,Baetidae,pH,7.07,6.878,7.18,8.16,8.5055,acute,0.635761589404
293,DS6/4,Baetidae,pH,8.67,6.878,7.18,8.16,8.5055,acute,0.0
294,DS6/5,Baetidae,pH,7.52,6.878,7.18,8.16,8.5055,acute,1.0
295,DS7/23,Baetidae,pH,8.53,6.878,7.18,8.16,8.5055,acute,0.0
296,DS8/23,Baetidae,pH,8.37,6.878,7.18,8.16,8.5055,acute,0.392185238784
297,DS9/23,Baetidae,pH,8.31,6.878,7.18,8.16,8.5055,acute,0.565846599132
298,M1/18,Baetidae,pH,8.21,6.878,7.18,8.16,8.5055,acute,0.855282199711
299,M2/18,Baetidae,pH,8.17,6.878,7.18,8.16,8.5055,acute,0.971056439942
300,M3/18,Baetidae,pH,8.1,6.878,7.18,8.16,8.5055,acute,1.0
301,M4/18,Baetidae,pH,8.06,6.878,7.18,8.16,8.5055,acute,1.0
302,M5/18,Baetidae,pH,7.98,6.878,7.18,8.16,8.5055,acute,1.0
303,M6/18,Baetidae,pH,7.66,6.878,7.18,8.16,8.5055,acute,1.0
304,Q1/12,Baetidae,pH,7.2,6.878,7.18,8.16,8.5055,acute,1.0
305,R1/6,Baetidae,pH,7.02,6.878,7.18,8.16,8.5055,acute,0.470198675497
306,R10/12,Baetidae,pH,7.51,6.878,7.18,8.16,8.5055,acute,1.0
307,R11/12,Baetidae,pH,7.2,6.878,7.18,8.16,8.5055,acute,1.0
308,R12/12,Baetidae,pH,7.36,6.878,7.18,8.16,8.5055,acute,1.0
309,R13/12,Baetidae,pH,7.37,6.878,7.18,8.16,8.5055,acute,1.0
310,R14/12,Baetidae,pH,7.27,6.878,7.18,8.16,8.5055,acute,1.0
311,R15/12,Baetidae,pH,7.31,6.878,7.18,8.16,8.5055,acute,1.0
312,R16/12,Baetidae,pH,7.23,6.878,7.18,8.16,8.5055,acute,1.0
313,R17/12,Baetidae,pH,7.46,6.878,7.18,8.16,8.5055,acute,1.0
314,R18/12,Baetidae,pH,7.9,6.878,7.18,8.16,8.5055,acute,1.0
315,R19/13,Baetidae,pH,7.15,6.878,7.18,8.16,8.5055,acute,0.900662251656
316,R2/6,Baetidae,pH,7.08,6.878,7.18,8.16,8.5055,acute,0.668874172185
317,R20/13,Baetidae,pH,7.08,6.878,7.18,8.16,8.5055,acute,0.668874172185
318,R21/13,Baetidae,pH,7.1,6.878,7.18,8.16,8.5055,acute,0.735099337748
319,R22/13,Baetidae,pH,6.69,6.878,7.18,8.16,8.5055,acute,0.0
320,R23/13,Baetidae,pH,7.33,6.878,7.18,8.16,8.5055,acute,1.0
321,R24/13,Baetidae,pH,6.98,6.878,7.18,8.16,8.5055,acute,0.337748344371
322,R25/13,Baetidae,pH,7.0,6.878,7.18,8.16,8.5055,acute,0.403973509934
323,R26/13,Baetidae,pH,7.04,6.878,7.18,8.16,8.5055,acute,0.53642384106
324,R27/13,Baetidae,pH,7.11,6.878,7.18,8.16,8.5055,acute,0.76821192053
325,R28/13,Baetidae,pH,7.01,6.878,7.18,8.16,8.5055,acute,0.437086092715
326,R29/13,Baetidae,pH,7.03,6.878,7.18,8.16,8.5055,acute,0.503311258278
327,R3/6,Baetidae,pH,7.09,6.878,7.18,8.16,8.5055,acute,0.701986754967
328,R30/13,Baetidae,pH,7.74,6.878,7.18,8.16,8.5055,acute,1.0
329,R4/6,Baetidae,pH,7.24,6.878,7.18,8.16,8.5055,acute,1.0
330,R5/6,Baetidae,pH,7.59,6.878,7.18,8.16,8.5055,acute,1.0
331,R6/6,Baetidae,pH,7.76,6.878,7.18,8.16,8.5055,acute,1.0
332,R7/6,Baetidae,pH,7.21,6.878,7.18,8.16,8.5055,acute,1.0
333,R8/6,Baetidae,pH,7.11,6.878,7.18,8.16,8.5055,acute,0.76821192053
334,R9/6,Baetidae,pH,7.06,6.878,7.18,8.16,8.5055,acute,0.602649006623
335,US1/10,Baetidae,pH,7.66,6.878,7.18,8.16,8.5055,acute,1.0
336,US10/10,Baetidae,pH,7.32,6.878,7.18,8.16,8.5055,acute,1.0
337,US11/11,Baetidae,pH,7.74,6.878,7.18,8.16,8.5055,acute,1.0
338,US12/11,Baetidae,pH,8.25,6.878,7.18,8.16,8.5055,acute,0.739507959479
339,US13/11,Baetidae,pH,7.51,6.878,7.18,8.16,8.5055,acute,1.0
340,US14/11,Baetidae,pH,7.42,6.878,7.18,8.16,8.5055,acute,1.0
341,US15/11,Baetidae,pH,8.0,6.878,7.18,8.16,8.5055,acute,1.0
342,US16/11,Baetidae,pH,8.15,6.878,7.18,8.16,8.5055,acute,1.0
343,US17/11,Baetidae,pH,8.8,6.878,7.18,8.16,8.5055,acute,0.0
344,US2/10,Baetidae,pH,7.7,6.878,7.18,8.16,8.5055,acute,1.0
345,US3/10,Baetidae,pH,7.66,6.878,7.18,8.16,8.5055,acute,1.0
346,US4/10,Baetidae,pH,7.54,6.878,7.18,8.16,8.5055,acute,1.0
347,US5/10,Baetidae,pH,8.39,6.878,7.18,8.16,8.5055,acute,0.334298118669
348,US6/10,Baetidae,pH,7.42,6.878,7.18,8.16,8.5055,acute,1.0
349,US7/10,Baetidae,pH,8.42,6.878,7.18,8.16,8.5055,acute,0.247467438495
350,US8/10,Baetidae,pH,7.32,6.878,7.18,8.16,8.5055,acute,1.0
351,US9/10,Baetidae,pH,8.66,6.878,7.18,8.16,8.5055,acute,0.0
352,V1/19,Baetidae,pH,7.78,6.878,7.18,8.16,8.5055,acute,1.0
353,V2/19,Baetidae,pH,7.79,6.878,7.18,8.16,8.5055,acute,1.0
354,V3/19,Baetidae,pH,7.42,6.878,7.18,8.16,8.5055,acute,1.0
355,V4/19,Baetidae,pH,8.51,6.878,7.18,8.16,8.5055,acute,0.0
356,V5/19,Baetidae,pH,8.38,6.878,7.18,8.16,8.5055,acute,0.363241678726
357,V6/19,Baetidae,pH,8.45,6.878,7.18,8.16,8.5055,acute,0.160636758321
358,V7/19,Baetidae,pH,7.3,6.878,7.18,8.16,8.5055,acute,1.0
359,V8/19,Baetidae,pH,8.22,6.878,7.18,8.16,8.5055,acute,0.826338639653
360,BB1/9,Baetidae,Chlorophyll,29.73,1.1445,1.9225,5.6725,9.607,acute,0.0
361,BB2/9,Baetidae,Chlorophyll,1.68,1.1445,1.9225,5.6725,9.607,acute,0.688303341902
362,BB3/9,Baetidae,Chlorophyll,1.75,1.1445,1.9225,5.6725,9.607,acute,0.778277634961
363,BB4/9,Baetidae,Chlorophyll,2.32,1.1445,1.9225,5.6725,9.607,acute,1.0
364,BH1/17,Baetidae,Chlorophyll,16.15,1.1445,1.9225,5.6725,9.607,acute,0.0
365,BH2/17,Baetidae,Chlorophyll,7.4,1.1445,1.9225,5.6725,9.607,acute,0.560935315796
366,BH3/17,Baetidae,Chlorophyll,1.68,1.1445,1.9225,5.6725,9.607,acute,0.688303341902
367,BH4/17,Baetidae,Chlorophyll,60.03,1.1445,1.9225,5.6725,9.607,acute,0.0
368,BH5/17,Baetidae,Chlorophyll,10.07,1.1445,1.9225,5.6725,9.607,acute,0.0
369,BH6/26,Baetidae,Chlorophyll,4.4,1.1445,1.9225,5.6725,9.607,acute,1.0
370,C1/20,Baetidae,Chlorophyll,1.23,1.1445,1.9225,5.6725,9.607,acute,0.109897172237
371,C2/20,Baetidae,Chlorophyll,1.8,1.1445,1.9225,5.6725,9.607,acute,0.842544987147
372,C3/20,Baetidae,Chlorophyll,0.9,1.1445,1.9225,5.6725,9.607,acute,0.0
373,C4/20,Baetidae,Chlorophyll,1.68,1.1445,1.9225,5.6725,9.607,acute,0.688303341902
374,C5/20,Baetidae,Chlorophyll,1.17,1.1445,1.9225,5.6725,9.607,acute,0.0327763496144
375,C6/20,Baetidae,Chlorophyll,1.7,1.1445,1.9225,5.6725,9.607,acute,0.714010282776
376,C7/20,Baetidae,Chlorophyll,13.8,1.1445,1.9225,5.6725,9.607,acute,0.0
377,DPR4,Baetidae,Chlorophyll,7.0,1.1445,1.9225,5.6725,9.607,acute,0.662600076249
378,DPR5,Baetidae,Chlorophyll,7.4,1.1445,1.9225,5.6725,9.607,acute,0.560935315796
379,DS1/4,Baetidae,Chlorophyll,10.15,1.1445,1.9225,5.6725,9.607,acute,0.0
380,DS1/5,Baetidae,Chlorophyll,3.07,1.1445,1.9225,5.6725,9.607,acute,1.0
381,DS10/23,Baetidae,Chlorophyll,3.27,1.1445,1.9225,5.6725,9.607,acute,1.0
382,DS11/23,Baetidae,Chlorophyll,3.08,1.1445,1.9225,5.6725,9.607,acute,1.0
383,DS12/23,Baetidae,Chlorophyll,3.04,1.1445,1.9225,5.6725,9.607,acute,1.0
384,DS13/23,Baetidae,Chlorophyll,3.18,1.1445,1.9225,5.6725,9.607,acute,1.0
385,DS14/24,Baetidae,Chlorophyll,2.1,1.1445,1.9225,5.6725,9.607,acute,1.0
386,DS15/24,Baetidae,Chlorophyll,3.55,1.1445,1.9225,5.6725,9.607,acute,1.0
387,DS16/24,Baetidae,Chlorophyll,1.13,1.1445,1.9225,5.6725,9.607,acute,0.0
388,DS17/24,Baetidae,Chlorophyll,1.15,1.1445,1.9225,5.6725,9.607,acute,0.00706940874036
389,DS18/24,Baetidae,Chlorophyll,0.83,1.1445,1.9225,5.6725,9.607,acute,0.0
390,DS19/24,Baetidae,Chlorophyll,1.08,1.1445,1.9225,5.6725,9.607,acute,0.0
391,DS2/4,Baetidae,Chlorophyll,10.55,1.1445,1.9225,5.6725,9.607,acute,0.0
392,DS2/5,Baetidae,Chlorophyll,3.07,1.1445,1.9225,5.6725,9.607,acute,1.0
393,DS20/24,Baetidae,Chlorophyll,1.93,1.1445,1.9225,5.6725,9.607,acute,1.0
394,DS21/24,Baetidae,Chlorophyll,1.78,1.1445,1.9225,5.6725,9.607,acute,0.816838046272
395,DS22/25,Baetidae,Chlorophyll,3.45,1.1445,1.9225,5.6725,9.607,acute,1.0
396,DS23/25,Baetidae,Chlorophyll,3.93,1.1445,1.9225,5.6725,9.607,acute,1.0
397,DS24/25,Baetidae,Chlorophyll,1.2,1.1445,1.9225,5.6725,9.607,acute,0.0713367609255
398,DS25/25,Baetidae,Chlorophyll,1.18,1.1445,1.9225,5.6725,9.607,acute,0.0456298200514
399,DS26/25,Baetidae,Chlorophyll,1.58,1.1445,1.9225,5.6725,9.607,acute,0.559768637532
400,DS27/25,Baetidae,Chlorophyll,2.68,1.1445,1.9225,5.6725,9.607,acute,1.0
401,DS28/25,Baetidae,Chlorophyll,0.73,1.1445,1.9225,5.6725,9.607,acute,0.0
402,DS29/26,Baetidae,Chlorophyll,3.3,1.1445,1.9225,5.6725,9.607,acute,1.0
403,DS3/4,Baetidae,Chlorophyll,4.65,1.1445,1.9225,5.6725,9.607,acute,1.0
404,DS3/5,Baetidae,Chlorophyll,1.4,1.1445,1.9225,5.6725,9.607,acute,0.328406169666
405,DS30/26,Baetidae,Chlorophyll,2.48,1.1445,1.9225,5.6725,9.607,acute,1.0
406,DS31/26,Baetidae,Chlorophyll,9.79,1.1445,1.9225,5.6725,9.607,acute,0.0
407,DS32/26,Baetidae,Chlorophyll,5.25,1.1445,1.9225,5.6725,9.607,acute,1.0
408,DS33/26,Baetidae,Chlorophyll,5.63,1.1445,1.9225,5.6725,9.607,acute,1.0
409,DS4/4,Baetidae,Chlorophyll,2.7,1.1445,1.9225,5.6725,9.607,acute,1.0
410,DS4/5,Baetidae,Chlorophyll,4.6,1.1445,1.9225,5.6725,9.607,acute,1.0
411,DS5/4,Baetidae,Chlorophyll,2.3,1.1445,1.9225,5.6725,9.607,acute,1.0
412,DS5/5,Baetidae,Chlorophyll,4.68,1.1445,1.9225,5.6725,9.607,acute,1.0
413,DS6/4,Baetidae,Chlorophyll,4.25,1.1445,1.9225,5.6725,9.607,acute,1.0
414,DS6/5,Baetidae,Chlorophyll,1.26,1.1445,1.9225,5.6725,9.607,acute,0.148457583548
415,DS7/23,Baetidae,Chlorophyll,66.84,1.1445,1.9225,5.6725,9.607,acute,0.0
416,DS8/23,Baetidae,Chlorophyll,2.3,1.1445,1.9225,5.6725,9.607,acute,1.0
417,DS9/23,Baetidae,Chlorophyll,2.38,1.1445,1.9225,5.6725,9.607,acute,1.0
418,M1/18,Baetidae,Chlorophyll,1.83,1.1445,1.9225,5.6725,9.607,acute,0.881105398458
419,M2/18,Baetidae,Chlorophyll,1.87,1.1445,1.9225,5.6725,9.607,acute,0.932519280206
420,M3/18,Baetidae,Chlorophyll,1.14,1.1445,1.9225,5.6725,9.607,acute,0.0
421,M4/18,Baetidae,Chlorophyll,1.27,1.1445,1.9225,5.6725,9.607,acute,0.161311053985
422,M5/18,Baetidae,Chlorophyll,1.28,1.1445,1.9225,5.6725,9.607,acute,0.174164524422
423,M6/18,Baetidae,Chlorophyll,2.1,1.1445,1.9225,5.6725,9.607,acute,1.0
424,Q1/12,Baetidae,Chlorophyll,2.95,1.1445,1.9225,5.6725,9.607,acute,1.0
425,R1/6,Baetidae,Chlorophyll,5.08,1.1445,1.9225,5.6725,9.607,acute,1.0
426,R10/12,Baetidae,Chlorophyll,5.46,1.1445,1.9225,5.6725,9.607,acute,1.0
427,R11/12,Baetidae,Chlorophyll,5.8,1.1445,1.9225,5.6725,9.607,acute,0.967594357606
428,R12/12,Baetidae,Chlorophyll,5.8,1.1445,1.9225,5.6725,9.607,acute,0.967594357606
429,R13/12,Baetidae,Chlorophyll,5.55,1.1445,1.9225,5.6725,9.607,acute,1.0
430,R14/12,Baetidae,Chlorophyll,5.3,1.1445,1.9225,5.6725,9.607,acute,1.0
431,R15/12,Baetidae,Chlorophyll,6.85,1.1445,1.9225,5.6725,9.607,acute,0.700724361418
432,R16/12,Baetidae,Chlorophyll,6.5,1.1445,1.9225,5.6725,9.607,acute,0.789681026814
433,R17/12,Baetidae,Chlorophyll,6.92,1.1445,1.9225,5.6725,9.607,acute,0.682933028339
434,R18/12,Baetidae,Chlorophyll,6.78,1.1445,1.9225,5.6725,9.607,acute,0.718515694497
435,R19/13,Baetidae,Chlorophyll,7.8,1.1445,1.9225,5.6725,9.607,acute,0.459270555344
436,R2/6,Baetidae,Chlorophyll,6.92,1.1445,1.9225,5.6725,9.607,acute,0.682933028339
437,R20/13,Baetidae,Chlorophyll,7.08,1.1445,1.9225,5.6725,9.607,acute,0.642267124158
438,R21/13,Baetidae,Chlorophyll,8.14,1.1445,1.9225,5.6725,9.607,acute,0.372855508959
439,R22/13,Baetidae,Chlorophyll,5.26,1.1445,1.9225,5.6725,9.607,acute,1.0
440,R23/13,Baetidae,Chlorophyll,10.1,1.1445,1.9225,5.6725,9.607,acute,0.0
441,R24/13,Baetidae,Chlorophyll,7.78,1.1445,1.9225,5.6725,9.607,acute,0.464353793366
442,R25/13,Baetidae,Chlorophyll,7.62,1.1445,1.9225,5.6725,9.607,acute,0.505019697547
443,R26/13,Baetidae,Chlorophyll,7.8,1.1445,1.9225,5.6725,9.607,acute,0.459270555344
444,R27/13,Baetidae,Chlorophyll,9.14,1.1445,1.9225,5.6725,9.607,acute,0.118693607828
445,R28/13,Baetidae,Chlorophyll,7.23,1.1445,1.9225,5.6725,9.607,acute,0.604142838988
446,R29/13,Baetidae,Chlorophyll,7.76,1.1445,1.9225,5.6725,9.607,acute,0.469437031389
447,R3/6,Baetidae,Chlorophyll,4.7,1.1445,1.9225,5.6725,9.607,acute,1.0
448,R30/13,Baetidae,Chlorophyll,8.57,1.1445,1.9225,5.6725,9.607,acute,0.263565891473
449,R4/6,Baetidae,Chlorophyll,6.7,1.1445,1.9225,5.6725,9.607,acute,0.738848646588
450,R5/6,Baetidae,Chlorophyll,7.05,1.1445,1.9225,5.6725,9.607,acute,0.649891981192
451,R6/6,Baetidae,Chlorophyll,25.43,1.1445,1.9225,5.6725,9.607,acute,0.0
452,R7/6,Baetidae,Chlorophyll,17.13,1.1445,1.9225,5.6725,9.607,acute,0.0
453,R8/6,Baetidae,Chlorophyll,5.47,1.1445,1.9225,5.6725,9.607,acute,1.0
454,R9/6,Baetidae,Chlorophyll,5.02,1.1445,1.9225,5.6725,9.607,acute,1.0
455,US1/10,Baetidae,Chlorophyll,3.14,1.1445,1.9225,5.6725,9.607,acute,1.0
456,US10/10,Baetidae,Chlorophyll,1.73,1.1445,1.9225,5.6725,9.607,acute,0.752570694087
457,US11/11,Baetidae,Chlorophyll,2.63,1.1445,1.9225,5.6725,9.607,acute,1.0
458,US12/11,Baetidae,Chlorophyll,4.0,1.1445,1.9225,5.6725,9.607,acute,1.0
459,US13/11,Baetidae,Chlorophyll,1.26,1.1445,1.9225,5.6725,9.607,acute,0.148457583548
460,US14/11,Baetidae,Chlorophyll,2.35,1.1445,1.9225,5.6725,9.607,acute,1.0
461,US15/11,Baetidae,Chlorophyll,4.38,1.1445,1.9225,5.6725,9.607,acute,1.0
462,US16/11,Baetidae,Chlorophyll,1.9,1.1445,1.9225,5.6725,9.607,acute,0.971079691517
463,US17/11,Baetidae,Chlorophyll,3.55,1.1445,1.9225,5.6725,9.607,acute,1.0
464,US2/10,Baetidae,Chlorophyll,2.65,1.1445,1.9225,5.6725,9.607,acute,1.0
465,US3/10,Baetidae,Chlorophyll,2.5,1.1445,1.9225,5.6725,9.607,acute,1.0
466,US4/10,Baetidae,Chlorophyll,2.74,1.1445,1.9225,5.6725,9.607,acute,1.0
467,US5/10,Baetidae,Chlorophyll,2.82,1.1445,1.9225,5.6725,9.607,acute,1.0
468,US6/10,Baetidae,Chlorophyll,2.82,1.1445,1.9225,5.6725,9.607,acute,1.0
469,US7/10,Baetidae,Chlorophyll,2.83,1.1445,1.9225,5.6725,9.607,acute,1.0
470,US8/10,Baetidae,Chlorophyll,2.25,1.1445,1.9225,5.6725,9.607,acute,1.0
471,US9/10,Baetidae,Chlorophyll,2.4,1.1445,1.9225,5.6725,9.607,acute,1.0
472,V1/19,Baetidae,Chlorophyll,1.23,1.1445,1.9225,5.6725,9.607,acute,0.109897172237
473,V2/19,Baetidae,Chlorophyll,3.75,1.1445,1.9225,5.6725,9.607,acute,1.0
474,V3/19,Baetidae,Chlorophyll,1.77,1.1445,1.9225,5.6725,9.607,acute,0.803984575835
475,V4/19,Baetidae,Chlorophyll,3.03,1.1445,1.9225,5.6725,9.607,acute,1.0
476,V5/19,Baetidae,Chlorophyll,1.6,1.1445,1.9225,5.6725,9.607,acute,0.585475578406
477,V6/19,Baetidae,Chlorophyll,1.05,1.1445,1.9225,5.6725,9.607,acute,0.0
478,V7/19,Baetidae,Chlorophyll,2.44,1.1445,1.9225,5.6725,9.607,acute,1.0
479,V8/19,Baetidae,Chlorophyll,1.23,1.1445,1.9225,5.6725,9.607,acute,0.109897172237
480,BB1/9,Baetidae,Cl-,8.63,0.9815,1.86,3.7725,16.923,acute,0.630622409794
481,BB2/9,Baetidae,Cl-,7.04,0.9815,1.86,3.7725,16.923,acute,0.751530360062
482,BB3/9,Baetidae,Cl-,2.64,0.9815,1.86,3.7725,16.923,acute,1.0
483,BB4/9,Baetidae,Cl-,1.55,0.9815,1.86,3.7725,16.923,acute,0.647125782584
484,BH1/17,Baetidae,Cl-,181.74,0.9815,1.86,3.7725,16.923,acute,0.0
485,BH2/17,Baetidae,Cl-,6.14,0.9815,1.86,3.7725,16.923,acute,0.819968822478
486,BH3/17,Baetidae,Cl-,3.94,0.9815,1.86,3.7725,16.923,acute,0.987262841717
487,BH4/17,Baetidae,Cl-,7.4,0.9815,1.86,3.7725,16.923,acute,0.724154975096
488,BH5/17,Baetidae,Cl-,3.48,0.9815,1.86,3.7725,16.923,acute,1.0
489,BH6/26,Baetidae,Cl-,2.14,0.9815,1.86,3.7725,16.923,acute,1.0
490,C1/20,Baetidae,Cl-,7.47,0.9815,1.86,3.7725,16.923,acute,0.718831983575
491,C2/20,Baetidae,Cl-,2.85,0.9815,1.86,3.7725,16.923,acute,1.0
492,C3/20,Baetidae,Cl-,1.98,0.9815,1.86,3.7725,16.923,acute,1.0
493,C4/20,Baetidae,Cl-,1.96,0.9815,1.86,3.7725,16.923,acute,1.0
494,C5/20,Baetidae,Cl-,1.21,0.9815,1.86,3.7725,16.923,acute,0.260102447353
495,C6/20,Baetidae,Cl-,1.31,0.9815,1.86,3.7725,16.923,acute,0.373932840068
496,C7/20,Baetidae,Cl-,1.6,0.9815,1.86,3.7725,16.923,acute,0.704040978941
497,DPR4,Baetidae,Cl-,1.71,0.9815,1.86,3.7725,16.923,acute,0.829254410928
498,DPR5,Baetidae,Cl-,1.26,0.9815,1.86,3.7725,16.923,acute,0.317017643711
499,DS1/4,Baetidae,Cl-,21.86,0.9815,1.86,3.7725,16.923,acute,0.0
500,DS1/5,Baetidae,Cl-,1.69,0.9815,1.86,3.7725,16.923,acute,0.806488332385
501,DS10/23,Baetidae,Cl-,2.1,0.9815,1.86,3.7725,16.923,acute,1.0
502,DS11/23,Baetidae,Cl-,6.96,0.9815,1.86,3.7725,16.923,acute,0.757613778944
503,DS12/23,Baetidae,Cl-,4.14,0.9815,1.86,3.7725,16.923,acute,0.972054294514
504,DS13/23,Baetidae,Cl-,4.58,0.9815,1.86,3.7725,16.923,acute,0.938595490666
505,DS14/24,Baetidae,Cl-,5.32,0.9815,1.86,3.7725,16.923,acute,0.882323866013
506,DS15/24,Baetidae,Cl-,2.64,0.9815,1.86,3.7725,16.923,acute,1.0
507,DS16/24,Baetidae,Cl-,3.27,0.9815,1.86,3.7725,16.923,acute,1.0
508,DS17/24,Baetidae,Cl-,2.84,0.9815,1.86,3.7725,16.923,acute,1.0
509,DS18/24,Baetidae,Cl-,1.9,0.9815,1.86,3.7725,16.923,acute,1.0
510,DS19/24,Baetidae,Cl-,1.21,0.9815,1.86,3.7725,16.923,acute,0.260102447353
511,DS2/4,Baetidae,Cl-,5.44,0.9815,1.86,3.7725,16.923,acute,0.873198737691
512,DS2/5,Baetidae,Cl-,2.37,0.9815,1.86,3.7725,16.923,acute,1.0
513,DS20/24,Baetidae,Cl-,7.07,0.9815,1.86,3.7725,16.923,acute,0.749249077982
514,DS21/24,Baetidae,Cl-,1.16,0.9815,1.86,3.7725,16.923,acute,0.203187250996
515,DS22/25,Baetidae,Cl-,5.25,0.9815,1.86,3.7725,16.923,acute,0.887646857534
516,DS23/25,Baetidae,Cl-,4.4,0.9815,1.86,3.7725,16.923,acute,0.952283183149
517,DS24/25,Baetidae,Cl-,2.93,0.9815,1.86,3.7725,16.923,acute,1.0
518,DS25/25,Baetidae,Cl-,1.49,0.9815,1.86,3.7725,16.923,acute,0.578827546955
519,DS26/25,Baetidae,Cl-,1.55,0.9815,1.86,3.7725,16.923,acute,0.647125782584
520,DS27/25,Baetidae,Cl-,2.11,0.9815,1.86,3.7725,16.923,acute,1.0
521,DS28/25,Baetidae,Cl-,0.8,0.9815,1.86,3.7725,16.923,acute,0.0
522,DS29/26,Baetidae,Cl-,18.63,0.9815,1.86,3.7725,16.923,acute,0.0
523,DS3/4,Baetidae,Cl-,7.73,0.9815,1.86,3.7725,16.923,acute,0.69906087221
524,DS3/5,Baetidae,Cl-,2.13,0.9815,1.86,3.7725,16.923,acute,1.0
525,DS30/26,Baetidae,Cl-,3.55,0.9815,1.86,3.7725,16.923,acute,1.0
526,DS31/26,Baetidae,Cl-,4.23,0.9815,1.86,3.7725,16.923,acute,0.965210448272
527,DS32/26,Baetidae,Cl-,0.95,0.9815,1.86,3.7725,16.923,acute,0.0
528,DS33/26,Baetidae,Cl-,55.84,0.9815,1.86,3.7725,16.923,acute,0.0
529,DS4/4,Baetidae,Cl-,1.76,0.9815,1.86,3.7725,16.923,acute,0.886169607285
530,DS4/5,Baetidae,Cl-,8.01,0.9815,1.86,3.7725,16.923,acute,0.677768906125
531,DS5/4,Baetidae,Cl-,2.17,0.9815,1.86,3.7725,16.923,acute,1.0
532,DS5/5,Baetidae,Cl-,1.9,0.9815,1.86,3.7725,16.923,acute,1.0
533,DS6/4,Baetidae,Cl-,12.52,0.9815,1.86,3.7725,16.923,acute,0.334816166686
534,DS6/5,Baetidae,Cl-,2.57,0.9815,1.86,3.7725,16.923,acute,1.0
535,DS7/23,Baetidae,Cl-,167.42,0.9815,1.86,3.7725,16.923,acute,0.0
536,DS8/23,Baetidae,Cl-,5.87,0.9815,1.86,3.7725,16.923,acute,0.840500361203
537,DS9/23,Baetidae,Cl-,8.4,0.9815,1.86,3.7725,16.923,acute,0.648112239078
538,M1/18,Baetidae,Cl-,1.27,0.9815,1.86,3.7725,16.923,acute,0.328400682982
539,M2/18,Baetidae,Cl-,1.82,0.9815,1.86,3.7725,16.923,acute,0.954467842914
540,M3/18,Baetidae,Cl-,1.29,0.9815,1.86,3.7725,16.923,acute,0.351166761525
541,M4/18,Baetidae,Cl-,0.85,0.9815,1.86,3.7725,16.923,acute,0.0
542,M5/18,Baetidae,Cl-,0.53,0.9815,1.86,3.7725,16.923,acute,0.0
543,M6/18,Baetidae,Cl-,1.36,0.9815,1.86,3.7725,16.923,acute,0.430848036426
544,Q1/12,Baetidae,Cl-,9.13,0.9815,1.86,3.7725,16.923,acute,0.592601041785
545,R1/6,Baetidae,Cl-,1.77,0.9815,1.86,3.7725,16.923,acute,0.897552646557
546,R10/12,Baetidae,Cl-,1.99,0.9815,1.86,3.7725,16.923,acute,1.0
547,R11/12,Baetidae,Cl-,1.89,0.9815,1.86,3.7725,16.923,acute,1.0
548,R12/12,Baetidae,Cl-,1.72,0.9815,1.86,3.7725,16.923,acute,0.840637450199
549,R13/12,Baetidae,Cl-,1.9,0.9815,1.86,3.7725,16.923,acute,1.0
550,R14/12,Baetidae,Cl-,1.93,0.9815,1.86,3.7725,16.923,acute,1.0
551,R15/12,Baetidae,Cl-,1.99,0.9815,1.86,3.7725,16.923,acute,1.0
552,R16/12,Baetidae,Cl-,2.12,0.9815,1.86,3.7725,16.923,acute,1.0
553,R17/12,Baetidae,Cl-,1.98,0.9815,1.86,3.7725,16.923,acute,1.0
554,R18/12,Baetidae,Cl-,2.31,0.9815,1.86,3.7725,16.923,acute,1.0
555,R19/13,Baetidae,Cl-,2.38,0.9815,1.86,3.7725,16.923,acute,1.0
556,R2/6,Baetidae,Cl-,2.15,0.9815,1.86,3.7725,16.923,acute,1.0
557,R20/13,Baetidae,Cl-,2.48,0.9815,1.86,3.7725,16.923,acute,1.0
558,R21/13,Baetidae,Cl-,2.83,0.9815,1.86,3.7725,16.923,acute,1.0
559,R22/13,Baetidae,Cl-,2.63,0.9815,1.86,3.7725,16.923,acute,1.0
560,R23/13,Baetidae,Cl-,2.49,0.9815,1.86,3.7725,16.923,acute,1.0
561,R24/13,Baetidae,Cl-,2.7,0.9815,1.86,3.7725,16.923,acute,1.0
562,R25/13,Baetidae,Cl-,2.6,0.9815,1.86,3.7725,16.923,acute,1.0
563,R26/13,Baetidae,Cl-,2.63,0.9815,1.86,3.7725,16.923,acute,1.0
564,R27/13,Baetidae,Cl-,2.9,0.9815,1.86,3.7725,16.923,acute,1.0
565,R28/13,Baetidae,Cl-,2.52,0.9815,1.86,3.7725,16.923,acute,1.0
566,R29/13,Baetidae,Cl-,2.75,0.9815,1.86,3.7725,16.923,acute,1.0
567,R3/6,Baetidae,Cl-,2.02,0.9815,1.86,3.7725,16.923,acute,1.0
568,R30/13,Baetidae,Cl-,2.76,0.9815,1.86,3.7725,16.923,acute,1.0
569,R4/6,Baetidae,Cl-,2.31,0.9815,1.86,3.7725,16.923,acute,1.0
570,R5/6,Baetidae,Cl-,2.5,0.9815,1.86,3.7725,16.923,acute,1.0
571,R6/6,Baetidae,Cl-,2.19,0.9815,1.86,3.7725,16.923,acute,1.0
572,R7/6,Baetidae,Cl-,2.06,0.9815,1.86,3.7725,16.923,acute,1.0
573,R8/6,Baetidae,Cl-,2.66,0.9815,1.86,3.7725,16.923,acute,1.0
574,R9/6,Baetidae,Cl-,2.46,0.9815,1.86,3.7725,16.923,acute,1.0
575,US1/10,Baetidae,Cl-,3.08,0.9815,1.86,3.7725,16.923,acute,1.0
576,US10/10,Baetidae,Cl-,2.1,0.9815,1.86,3.7725,16.923,acute,1.0
577,US11/11,Baetidae,Cl-,13.91,0.9815,1.86,3.7725,16.923,acute,0.229116763621
578,US12/11,Baetidae,Cl-,17.7,0.9815,1.86,3.7725,16.923,acute,0.0
579,US13/11,Baetidae,Cl-,1.31,0.9815,1.86,3.7725,16.923,acute,0.373932840068
580,US14/11,Baetidae,Cl-,2.11,0.9815,1.86,3.7725,16.923,acute,1.0
581,US15/11,Baetidae,Cl-,28.01,0.9815,1.86,3.7725,16.923,acute,0.0
582,US16/11,Baetidae,Cl-,1.96,0.9815,1.86,3.7725,16.923,acute,1.0
583,US17/11,Baetidae,Cl-,6.04,0.9815,1.86,3.7725,16.923,acute,0.82757309608
584,US2/10,Baetidae,Cl-,5.94,0.9815,1.86,3.7725,16.923,acute,0.835177369682
585,US3/10,Baetidae,Cl-,1.04,0.9815,1.86,3.7725,16.923,acute,0.0665907797382
586,US4/10,Baetidae,Cl-,2.21,0.9815,1.86,3.7725,16.923,acute,1.0
587,US5/10,Baetidae,Cl-,9.83,0.9815,1.86,3.7725,16.923,acute,0.539371126573
588,US6/10,Baetidae,Cl-,1.35,0.9815,1.86,3.7725,16.923,acute,0.419464997154
589,US7/10,Baetidae,Cl-,1.66,0.9815,1.86,3.7725,16.923,acute,0.77233921457
590,US8/10,Baetidae,Cl-,3.07,0.9815,1.86,3.7725,16.923,acute,1.0
591,US9/10,Baetidae,Cl-,3.4,0.9815,1.86,3.7725,16.923,acute,1.0
592,V1/19,Baetidae,Cl-,6.02,0.9815,1.86,3.7725,16.923,acute,0.8290939508
593,V2/19,Baetidae,Cl-,10.49,0.9815,1.86,3.7725,16.923,acute,0.489182920801
594,V3/19,Baetidae,Cl-,0.8,0.9815,1.86,3.7725,16.923,acute,0.0
595,V4/19,Baetidae,Cl-,1.17,0.9815,1.86,3.7725,16.923,acute,0.214570290268
596,V5/19,Baetidae,Cl-,13.66,0.9815,1.86,3.7725,16.923,acute,0.248127447626
597,V6/19,Baetidae,Cl-,3.65,0.9815,1.86,3.7725,16.923,acute,1.0
598,V7/19,Baetidae,Cl-,1.62,0.9815,1.86,3.7725,16.923,acute,0.726807057484
599,V8/19,Baetidae,Cl-,3.13,0.9815,1.86,3.7725,16.923,acute,1.0
600,BB1/9,Baetidae,DO,5.91,4.1445,6.5875,8.2725,9.4865,acute,0.722677036431
601,BB2/9,Baetidae,DO,10.26,4.1445,6.5875,8.2725,9.4865,acute,0.0
602,BB3/9,Baetidae,DO,8.84,4.1445,6.5875,8.2725,9.4865,acute,0.532537067545
603,BB4/9,Baetidae,DO,8.77,4.1445,6.5875,8.2725,9.4865,acute,0.590197693575
604,BH1/17,Baetidae,DO,5.94,4.1445,6.5875,8.2725,9.4865,acute,0.734957020057
605,BH2/17,Baetidae,DO,5.78,4.1445,6.5875,8.2725,9.4865,acute,0.669463774048
606,BH3/17,Baetidae,DO,8.18,4.1445,6.5875,8.2725,9.4865,acute,1.0
607,BH4/17,Baetidae,DO,8.94,4.1445,6.5875,8.2725,9.4865,acute,0.450164744646
608,BH5/17,Baetidae,DO,8.7,4.1445,6.5875,8.2725,9.4865,acute,0.647858319605
609,BH6/26,Baetidae,DO,5.52,4.1445,6.5875,8.2725,9.4865,acute,0.563037249284
610,C1/20,Baetidae,DO,7.38,4.1445,6.5875,8.2725,9.4865,acute,1.0
611,C2/20,Baetidae,DO,6.16,4.1445,6.5875,8.2725,9.4865,acute,0.82501023332
612,C3/20,Baetidae,DO,8.19,4.1445,6.5875,8.2725,9.4865,acute,1.0
613,C4/20,Baetidae,DO,8.45,4.1445,6.5875,8.2725,9.4865,acute,0.853789126853
614,C5/20,Baetidae,DO,8.44,4.1445,6.5875,8.2725,9.4865,acute,0.862026359143
615,C6/20,Baetidae,DO,8.22,4.1445,6.5875,8.2725,9.4865,acute,1.0
616,C7/20,Baetidae,DO,8.12,4.1445,6.5875,8.2725,9.4865,acute,1.0
617,DPR4,Baetidae,DO,10.69,4.1445,6.5875,8.2725,9.4865,acute,0.0
618,DPR5,Baetidae,DO,5.8,4.1445,6.5875,8.2725,9.4865,acute,0.677650429799
619,DS1/4,Baetidae,DO,6.85,4.1445,6.5875,8.2725,9.4865,acute,1.0
620,DS1/5,Baetidae,DO,2.72,4.1445,6.5875,8.2725,9.4865,acute,0.0
621,DS10/23,Baetidae,DO,7.86,4.1445,6.5875,8.2725,9.4865,acute,1.0
622,DS11/23,Baetidae,DO,7.06,4.1445,6.5875,8.2725,9.4865,acute,1.0
623,DS12/23,Baetidae,DO,6.87,4.1445,6.5875,8.2725,9.4865,acute,1.0
624,DS13/23,Baetidae,DO,6.57,4.1445,6.5875,8.2725,9.4865,acute,0.992836676218
625,DS14/24,Baetidae,DO,7.83,4.1445,6.5875,8.2725,9.4865,acute,1.0
626,DS15/24,Baetidae,DO,4.17,4.1445,6.5875,8.2725,9.4865,acute,0.0104379860827
627,DS16/24,Baetidae,DO,7.33,4.1445,6.5875,8.2725,9.4865,acute,1.0
628,DS17/24,Baetidae,DO,7.08,4.1445,6.5875,8.2725,9.4865,acute,1.0
629,DS18/24,Baetidae,DO,7.72,4.1445,6.5875,8.2725,9.4865,acute,1.0
630,DS19/24,Baetidae,DO,8.2,4.1445,6.5875,8.2725,9.4865,acute,1.0
631,DS2/4,Baetidae,DO,8.92,4.1445,6.5875,8.2725,9.4865,acute,0.466639209226
632,DS2/5,Baetidae,DO,6.49,4.1445,6.5875,8.2725,9.4865,acute,0.960090053213
633,DS20/24,Baetidae,DO,8.22,4.1445,6.5875,8.2725,9.4865,acute,1.0
634,DS21/24,Baetidae,DO,9.29,4.1445,6.5875,8.2725,9.4865,acute,0.161861614498
635,DS22/25,Baetidae,DO,7.72,4.1445,6.5875,8.2725,9.4865,acute,1.0
636,DS23/25,Baetidae,DO,10.65,4.1445,6.5875,8.2725,9.4865,acute,0.0
637,DS24/25,Baetidae,DO,7.14,4.1445,6.5875,8.2725,9.4865,acute,1.0
638,DS25/25,Baetidae,DO,7.98,4.1445,6.5875,8.2725,9.4865,acute,1.0
639,DS26/25,Baetidae,DO,8.37,4.1445,6.5875,8.2725,9.4865,acute,0.919686985173
640,DS27/25,Baetidae,DO,7.71,4.1445,6.5875,8.2725,9.4865,acute,1.0
641,DS28/25,Baetidae,DO,7.72,4.1445,6.5875,8.2725,9.4865,acute,1.0
642,DS29/26,Baetidae,DO,4.53,4.1445,6.5875,8.2725,9.4865,acute,0.157797789603
643,DS3/4,Baetidae,DO,7.36,4.1445,6.5875,8.2725,9.4865,acute,1.0
644,DS3/5,Baetidae,DO,1.98,4.1445,6.5875,8.2725,9.4865,acute,0.0
645,DS30/26,Baetidae,DO,7.56,4.1445,6.5875,8.2725,9.4865,acute,1.0
646,DS31/26,Baetidae,DO,3.69,4.1445,6.5875,8.2725,9.4865,acute,0.0
647,DS32/26,Baetidae,DO,5.13,4.1445,6.5875,8.2725,9.4865,acute,0.403397462137
648,DS33/26,Baetidae,DO,2.97,4.1445,6.5875,8.2725,9.4865,acute,0.0
649,DS4/4,Baetidae,DO,6.29,4.1445,6.5875,8.2725,9.4865,acute,0.878223495702
650,DS4/5,Baetidae,DO,9.79,4.1445,6.5875,8.2725,9.4865,acute,0.0
651,DS5/4,Baetidae,DO,5.63,4.1445,6.5875,8.2725,9.4865,acute,0.608063855915
652,DS5/5,Baetidae,DO,1.97,4.1445,6.5875,8.2725,9.4865,acute,0.0
653,DS6/4,Baetidae,DO,7.52,4.1445,6.5875,8.2725,9.4865,acute,1.0
654,DS6/5,Baetidae,DO,6.17,4.1445,6.5875,8.2725,9.4865,acute,0.829103561195
655,DS7/23,Baetidae,DO,13.63,4.1445,6.5875,8.2725,9.4865,acute,0.0
656,DS8/23,Baetidae,DO,8.65,4.1445,6.5875,8.2725,9.4865,acute,0.689044481054
657,DS9/23,Baetidae,DO,11.93,4.1445,6.5875,8.2725,9.4865,acute,0.0
658,M1/18,Baetidae,DO,8.61,4.1445,6.5875,8.2725,9.4865,acute,0.721993410214
659,M2/18,Baetidae,DO,8.53,4.1445,6.5875,8.2725,9.4865,acute,0.787891268534
660,M3/18,Baetidae,DO,8.15,4.1445,6.5875,8.2725,9.4865,acute,1.0
661,M4/18,Baetidae,DO,8.11,4.1445,6.5875,8.2725,9.4865,acute,1.0
662,M5/18,Baetidae,DO,8.19,4.1445,6.5875,8.2725,9.4865,acute,1.0
663,M6/18,Baetidae,DO,7.18,4.1445,6.5875,8.2725,9.4865,acute,1.0
664,Q1/12,Baetidae,DO,5.74,4.1445,6.5875,8.2725,9.4865,acute,0.653090462546
665,R1/6,Baetidae,DO,6.06,4.1445,6.5875,8.2725,9.4865,acute,0.784076954564
666,R10/12,Baetidae,DO,8.43,4.1445,6.5875,8.2725,9.4865,acute,0.870263591433
667,R11/12,Baetidae,DO,6.88,4.1445,6.5875,8.2725,9.4865,acute,1.0
668,R12/12,Baetidae,DO,8.8,4.1445,6.5875,8.2725,9.4865,acute,0.565485996705
669,R13/12,Baetidae,DO,8.05,4.1445,6.5875,8.2725,9.4865,acute,1.0
670,R14/12,Baetidae,DO,7.41,4.1445,6.5875,8.2725,9.4865,acute,1.0
671,R15/12,Baetidae,DO,7.9,4.1445,6.5875,8.2725,9.4865,acute,1.0
672,R16/12,Baetidae,DO,7.72,4.1445,6.5875,8.2725,9.4865,acute,1.0
673,R17/12,Baetidae,DO,8.55,4.1445,6.5875,8.2725,9.4865,acute,0.771416803954
674,R18/12,Baetidae,DO,8.97,4.1445,6.5875,8.2725,9.4865,acute,0.425453047776
675,R19/13,Baetidae,DO,6.98,4.1445,6.5875,8.2725,9.4865,acute,1.0
676,R2/6,Baetidae,DO,6.47,4.1445,6.5875,8.2725,9.4865,acute,0.951903397462
677,R20/13,Baetidae,DO,6.68,4.1445,6.5875,8.2725,9.4865,acute,1.0
678,R21/13,Baetidae,DO,7.22,4.1445,6.5875,8.2725,9.4865,acute,1.0
679,R22/13,Baetidae,DO,4.14,4.1445,6.5875,8.2725,9.4865,acute,0.0
680,R23/13,Baetidae,DO,8.97,4.1445,6.5875,8.2725,9.4865,acute,0.425453047776
681,R24/13,Baetidae,DO,7.01,4.1445,6.5875,8.2725,9.4865,acute,1.0
682,R25/13,Baetidae,DO,7.29,4.1445,6.5875,8.2725,9.4865,acute,1.0
683,R26/13,Baetidae,DO,7.81,4.1445,6.5875,8.2725,9.4865,acute,1.0
684,R27/13,Baetidae,DO,8.24,4.1445,6.5875,8.2725,9.4865,acute,1.0
685,R28/13,Baetidae,DO,7.57,4.1445,6.5875,8.2725,9.4865,acute,1.0
686,R29/13,Baetidae,DO,7.06,4.1445,6.5875,8.2725,9.4865,acute,1.0
687,R3/6,Baetidae,DO,6.28,4.1445,6.5875,8.2725,9.4865,acute,0.874130167826
688,R30/13,Baetidae,DO,9.09,4.1445,6.5875,8.2725,9.4865,acute,0.326606260297
689,R4/6,Baetidae,DO,6.64,4.1445,6.5875,8.2725,9.4865,acute,1.0
690,R5/6,Baetidae,DO,8.07,4.1445,6.5875,8.2725,9.4865,acute,1.0
691,R6/6,Baetidae,DO,9.05,4.1445,6.5875,8.2725,9.4865,acute,0.359555189456
692,R7/6,Baetidae,DO,6.58,4.1445,6.5875,8.2725,9.4865,acute,0.996930004093
693,R8/6,Baetidae,DO,5.81,4.1445,6.5875,8.2725,9.4865,acute,0.681743757675
694,R9/6,Baetidae,DO,5.4,4.1445,6.5875,8.2725,9.4865,acute,0.513917314777
695,US1/10,Baetidae,DO,7.79,4.1445,6.5875,8.2725,9.4865,acute,1.0
696,US10/10,Baetidae,DO,7.86,4.1445,6.5875,8.2725,9.4865,acute,1.0
697,US11/11,Baetidae,DO,7.83,4.1445,6.5875,8.2725,9.4865,acute,1.0
698,US12/11,Baetidae,DO,8.95,4.1445,6.5875,8.2725,9.4865,acute,0.441927512356
699,US13/11,Baetidae,DO,7.8,4.1445,6.5875,8.2725,9.4865,acute,1.0
700,US14/11,Baetidae,DO,6.92,4.1445,6.5875,8.2725,9.4865,acute,1.0
701,US15/11,Baetidae,DO,7.86,4.1445,6.5875,8.2725,9.4865,acute,1.0
702,US16/11,Baetidae,DO,8.24,4.1445,6.5875,8.2725,9.4865,acute,1.0
703,US17/11,Baetidae,DO,8.37,4.1445,6.5875,8.2725,9.4865,acute,0.919686985173
704,US2/10,Baetidae,DO,7.55,4.1445,6.5875,8.2725,9.4865,acute,1.0
705,US3/10,Baetidae,DO,7.63,4.1445,6.5875,8.2725,9.4865,acute,1.0
706,US4/10,Baetidae,DO,7.27,4.1445,6.5875,8.2725,9.4865,acute,1.0
707,US5/10,Baetidae,DO,9.41,4.1445,6.5875,8.2725,9.4865,acute,0.0630148270181
708,US6/10,Baetidae,DO,7.95,4.1445,6.5875,8.2725,9.4865,acute,1.0
709,US7/10,Baetidae,DO,9.45,4.1445,6.5875,8.2725,9.4865,acute,0.0300658978583
710,US8/10,Baetidae,DO,6.59,4.1445,6.5875,8.2725,9.4865,acute,1.0
711,US9/10,Baetidae,DO,9.59,4.1445,6.5875,8.2725,9.4865,acute,0.0
712,V1/19,Baetidae,DO,8.0,4.1445,6.5875,8.2725,9.4865,acute,1.0
713,V2/19,Baetidae,DO,8.2,4.1445,6.5875,8.2725,9.4865,acute,1.0
714,V3/19,Baetidae,DO,7.52,4.1445,6.5875,8.2725,9.4865,acute,1.0
715,V4/19,Baetidae,DO,8.91,4.1445,6.5875,8.2725,9.4865,acute,0.474876441516
716,V5/19,Baetidae,DO,8.34,4.1445,6.5875,8.2725,9.4865,acute,0.944398682043
717,V6/19,Baetidae,DO,9.5,4.1445,6.5875,8.2725,9.4865,acute,0.0
718,V7/19,Baetidae,DO,4.77,4.1445,6.5875,8.2725,9.4865,acute,0.256037658616
719,V8/19,Baetidae,DO,8.63,4.1445,6.5875,8.2725,9.4865,acute,0.705518945634
720,BB1/9,Baetidae,Turbidity,6.08,0.8045,1.3725,5.07,9.424,acute,0.768029398254
721,BB2/9,Baetidae,Turbidity,0.85,0.8045,1.3725,5.07,9.424,acute,0.0801056338028
722,BB3/9,Baetidae,Turbidity,0.33,0.8045,1.3725,5.07,9.424,acute,0.0
723,BB4/9,Baetidae,Turbidity,1.86,0.8045,1.3725,5.07,9.424,acute,1.0
724,BH1/17,Baetidae,Turbidity,355.63,0.8045,1.3725,5.07,9.424,acute,0.0
725,BH2/17,Baetidae,Turbidity,8.23,0.8045,1.3725,5.07,9.424,acute,0.274230592559
726,BH3/17,Baetidae,Turbidity,8.75,0.8045,1.3725,5.07,9.424,acute,0.154800183739
727,BH4/17,Baetidae,Turbidity,34.27,0.8045,1.3725,5.07,9.424,acute,0.0
728,BH5/17,Baetidae,Turbidity,7.9,0.8045,1.3725,5.07,9.424,acute,0.350022967386
729,BH6/26,Baetidae,Turbidity,18.4,0.8045,1.3725,5.07,9.424,acute,0.0
730,C1/20,Baetidae,Turbidity,1.57,0.8045,1.3725,5.07,9.424,acute,1.0
731,C2/20,Baetidae,Turbidity,3.82,0.8045,1.3725,5.07,9.424,acute,1.0
732,C3/20,Baetidae,Turbidity,3.37,0.8045,1.3725,5.07,9.424,acute,1.0
733,C4/20,Baetidae,Turbidity,2.98,0.8045,1.3725,5.07,9.424,acute,1.0
734,C5/20,Baetidae,Turbidity,0.2,0.8045,1.3725,5.07,9.424,acute,0.0
735,C6/20,Baetidae,Turbidity,1.37,0.8045,1.3725,5.07,9.424,acute,0.995598591549
736,C7/20,Baetidae,Turbidity,10.5,0.8045,1.3725,5.07,9.424,acute,0.0
737,DPR4,Baetidae,Turbidity,7.8,0.8045,1.3725,5.07,9.424,acute,0.372990353698
738,DPR5,Baetidae,Turbidity,5.1,0.8045,1.3725,5.07,9.424,acute,0.993109784107
739,DS1/4,Baetidae,Turbidity,113.0,0.8045,1.3725,5.07,9.424,acute,0.0
740,DS1/5,Baetidae,Turbidity,5.58,0.8045,1.3725,5.07,9.424,acute,0.882866329812
741,DS10/23,Baetidae,Turbidity,1.4,0.8045,1.3725,5.07,9.424,acute,1.0
742,DS11/23,Baetidae,Turbidity,10.1,0.8045,1.3725,5.07,9.424,acute,0.0
743,DS12/23,Baetidae,Turbidity,6.37,0.8045,1.3725,5.07,9.424,acute,0.701423977951
744,DS13/23,Baetidae,Turbidity,4.54,0.8045,1.3725,5.07,9.424,acute,1.0
745,DS14/24,Baetidae,Turbidity,4.03,0.8045,1.3725,5.07,9.424,acute,1.0
746,DS15/24,Baetidae,Turbidity,2.2,0.8045,1.3725,5.07,9.424,acute,1.0
747,DS16/24,Baetidae,Turbidity,0.97,0.8045,1.3725,5.07,9.424,acute,0.291373239437
748,DS17/24,Baetidae,Turbidity,0.0,0.8045,1.3725,5.07,9.424,acute,0.0
749,DS18/24,Baetidae,Turbidity,0.0,0.8045,1.3725,5.07,9.424,acute,0.0
750,DS19/24,Baetidae,Turbidity,0.83,0.8045,1.3725,5.07,9.424,acute,0.0448943661972
751,DS2/4,Baetidae,Turbidity,44.6,0.8045,1.3725,5.07,9.424,acute,0.0
752,DS2/5,Baetidae,Turbidity,1.15,0.8045,1.3725,5.07,9.424,acute,0.608274647887
753,DS20/24,Baetidae,Turbidity,6.05,0.8045,1.3725,5.07,9.424,acute,0.774919614148
754,DS21/24,Baetidae,Turbidity,0.43,0.8045,1.3725,5.07,9.424,acute,0.0
755,DS22/25,Baetidae,Turbidity,34.7,0.8045,1.3725,5.07,9.424,acute,0.0
756,DS23/25,Baetidae,Turbidity,3.23,0.8045,1.3725,5.07,9.424,acute,1.0
757,DS24/25,Baetidae,Turbidity,0.93,0.8045,1.3725,5.07,9.424,acute,0.220950704225
758,DS25/25,Baetidae,Turbidity,0.9,0.8045,1.3725,5.07,9.424,acute,0.168133802817
759,DS26/25,Baetidae,Turbidity,6.68,0.8045,1.3725,5.07,9.424,acute,0.630225080386
760,DS27/25,Baetidae,Turbidity,2.57,0.8045,1.3725,5.07,9.424,acute,1.0
761,DS28/25,Baetidae,Turbidity,1.34,0.8045,1.3725,5.07,9.424,acute,0.942781690141
762,DS29/26,Baetidae,Turbidity,1.64,0.8045,1.3725,5.07,9.424,acute,1.0
763,DS3/4,Baetidae,Turbidity,48.72,0.8045,1.3725,5.07,9.424,acute,0.0
764,DS3/5,Baetidae,Turbidity,5.04,0.8045,1.3725,5.07,9.424,acute,1.0
765,DS30/26,Baetidae,Turbidity,1.63,0.8045,1.3725,5.07,9.424,acute,1.0
766,DS31/26,Baetidae,Turbidity,4.53,0.8045,1.3725,5.07,9.424,acute,1.0
767,DS32/26,Baetidae,Turbidity,1.5,0.8045,1.3725,5.07,9.424,acute,1.0
768,DS33/26,Baetidae,Turbidity,7.4,0.8045,1.3725,5.07,9.424,acute,0.464859898943
769,DS4/4,Baetidae,Turbidity,6.8,0.8045,1.3725,5.07,9.424,acute,0.602664216812
770,DS4/5,Baetidae,Turbidity,0.4,0.8045,1.3725,5.07,9.424,acute,0.0
771,DS5/4,Baetidae,Turbidity,4.05,0.8045,1.3725,5.07,9.424,acute,1.0
772,DS5/5,Baetidae,Turbidity,2.53,0.8045,1.3725,5.07,9.424,acute,1.0
773,DS6/4,Baetidae,Turbidity,85.43,0.8045,1.3725,5.07,9.424,acute,0.0
774,DS6/5,Baetidae,Turbidity,0.83,0.8045,1.3725,5.07,9.424,acute,0.0448943661972
775,DS7/23,Baetidae,Turbidity,44.4,0.8045,1.3725,5.07,9.424,acute,0.0
776,DS8/23,Baetidae,Turbidity,1.5,0.8045,1.3725,5.07,9.424,acute,1.0
777,DS9/23,Baetidae,Turbidity,1.03,0.8045,1.3725,5.07,9.424,acute,0.397007042254
778,M1/18,Baetidae,Turbidity,0.17,0.8045,1.3725,5.07,9.424,acute,0.0
779,M2/18,Baetidae,Turbidity,1.57,0.8045,1.3725,5.07,9.424,acute,1.0
780,M3/18,Baetidae,Turbidity,1.38,0.8045,1.3725,5.07,9.424,acute,1.0
781,M4/18,Baetidae,Turbidity,1.43,0.8045,1.3725,5.07,9.424,acute,1.0
782,M5/18,Baetidae,Turbidity,1.05,0.8045,1.3725,5.07,9.424,acute,0.432218309859
783,M6/18,Baetidae,Turbidity,8.88,0.8045,1.3725,5.07,9.424,acute,0.124942581534
784,Q1/12,Baetidae,Turbidity,6.18,0.8045,1.3725,5.07,9.424,acute,0.745062011943
785,R1/6,Baetidae,Turbidity,5.07,0.8045,1.3725,5.07,9.424,acute,1.0
786,R10/12,Baetidae,Turbidity,5.2,0.8045,1.3725,5.07,9.424,acute,0.970142397795
787,R11/12,Baetidae,Turbidity,4.78,0.8045,1.3725,5.07,9.424,acute,1.0
788,R12/12,Baetidae,Turbidity,4.5,0.8045,1.3725,5.07,9.424,acute,1.0
789,R13/12,Baetidae,Turbidity,4.42,0.8045,1.3725,5.07,9.424,acute,1.0
790,R14/12,Baetidae,Turbidity,4.02,0.8045,1.3725,5.07,9.424,acute,1.0
791,R15/12,Baetidae,Turbidity,3.25,0.8045,1.3725,5.07,9.424,acute,1.0
792,R16/12,Baetidae,Turbidity,3.63,0.8045,1.3725,5.07,9.424,acute,1.0
793,R17/12,Baetidae,Turbidity,4.08,0.8045,1.3725,5.07,9.424,acute,1.0
794,R18/12,Baetidae,Turbidity,4.23,0.8045,1.3725,5.07,9.424,acute,1.0
795,R19/13,Baetidae,Turbidity,4.4,0.8045,1.3725,5.07,9.424,acute,1.0
796,R2/6,Baetidae,Turbidity,4.6,0.8045,1.3725,5.07,9.424,acute,1.0
797,R20/13,Baetidae,Turbidity,3.23,0.8045,1.3725,5.07,9.424,acute,1.0
798,R21/13,Baetidae,Turbidity,3.66,0.8045,1.3725,5.07,9.424,acute,1.0
799,R22/13,Baetidae,Turbidity,1.13,0.8045,1.3725,5.07,9.424,acute,0.573063380282
800,R23/13,Baetidae,Turbidity,4.08,0.8045,1.3725,5.07,9.424,acute,1.0
801,R24/13,Baetidae,Turbidity,3.16,0.8045,1.3725,5.07,9.424,acute,1.0
802,R25/13,Baetidae,Turbidity,3.6,0.8045,1.3725,5.07,9.424,acute,1.0
803,R26/13,Baetidae,Turbidity,3.85,0.8045,1.3725,5.07,9.424,acute,1.0
804,R27/13,Baetidae,Turbidity,3.4,0.8045,1.3725,5.07,9.424,acute,1.0
805,R28/13,Baetidae,Turbidity,6.52,0.8045,1.3725,5.07,9.424,acute,0.666972898484
806,R29/13,Baetidae,Turbidity,5.33,0.8045,1.3725,5.07,9.424,acute,0.94028479559
807,R3/6,Baetidae,Turbidity,2.07,0.8045,1.3725,5.07,9.424,acute,1.0
808,R30/13,Baetidae,Turbidity,4.3,0.8045,1.3725,5.07,9.424,acute,1.0
809,R4/6,Baetidae,Turbidity,3.96,0.8045,1.3725,5.07,9.424,acute,1.0
810,R5/6,Baetidae,Turbidity,6.6,0.8045,1.3725,5.07,9.424,acute,0.648598989435
811,R6/6,Baetidae,Turbidity,9.52,0.8045,1.3725,5.07,9.424,acute,0.0
812,R7/6,Baetidae,Turbidity,8.3,0.8045,1.3725,5.07,9.424,acute,0.258153422141
813,R8/6,Baetidae,Turbidity,2.13,0.8045,1.3725,5.07,9.424,acute,1.0
814,R9/6,Baetidae,Turbidity,3.28,0.8045,1.3725,5.07,9.424,acute,1.0
815,US1/10,Baetidae,Turbidity,1.1,0.8045,1.3725,5.07,9.424,acute,0.520246478873
816,US10/10,Baetidae,Turbidity,1.4,0.8045,1.3725,5.07,9.424,acute,1.0
817,US11/11,Baetidae,Turbidity,0.8,0.8045,1.3725,5.07,9.424,acute,0.0
818,US12/11,Baetidae,Turbidity,0.83,0.8045,1.3725,5.07,9.424,acute,0.0448943661972
819,US13/11,Baetidae,Turbidity,0.8,0.8045,1.3725,5.07,9.424,acute,0.0
820,US14/11,Baetidae,Turbidity,6.05,0.8045,1.3725,5.07,9.424,acute,0.774919614148
821,US15/11,Baetidae,Turbidity,8.7,0.8045,1.3725,5.07,9.424,acute,0.166283876895
822,US16/11,Baetidae,Turbidity,1.35,0.8045,1.3725,5.07,9.424,acute,0.960387323944
823,US17/11,Baetidae,Turbidity,1.25,0.8045,1.3725,5.07,9.424,acute,0.784330985915
824,US2/10,Baetidae,Turbidity,0.6,0.8045,1.3725,5.07,9.424,acute,0.0
825,US3/10,Baetidae,Turbidity,2.58,0.8045,1.3725,5.07,9.424,acute,1.0
826,US4/10,Baetidae,Turbidity,1.95,0.8045,1.3725,5.07,9.424,acute,1.0
827,US5/10,Baetidae,Turbidity,1.2,0.8045,1.3725,5.07,9.424,acute,0.696302816901
828,US6/10,Baetidae,Turbidity,3.58,0.8045,1.3725,5.07,9.424,acute,1.0
829,US7/10,Baetidae,Turbidity,1.58,0.8045,1.3725,5.07,9.424,acute,1.0
830,US8/10,Baetidae,Turbidity,6.38,0.8045,1.3725,5.07,9.424,acute,0.69912723932
831,US9/10,Baetidae,Turbidity,1.13,0.8045,1.3725,5.07,9.424,acute,0.573063380282
832,V1/19,Baetidae,Turbidity,1.8,0.8045,1.3725,5.07,9.424,acute,1.0
833,V2/19,Baetidae,Turbidity,22.75,0.8045,1.3725,5.07,9.424,acute,0.0
834,V3/19,Baetidae,Turbidity,0.77,0.8045,1.3725,5.07,9.424,acute,0.0
835,V4/19,Baetidae,Turbidity,0.98,0.8045,1.3725,5.07,9.424,acute,0.308978873239
836,V5/19,Baetidae,Turbidity,2.6,0.8045,1.3725,5.07,9.424,acute,1.0
837,V6/19,Baetidae,Turbidity,2.1,0.8045,1.3725,5.07,9.424,acute,1.0
838,V7/19,Baetidae,Turbidity,5.07,0.8045,1.3725,5.07,9.424,acute,1.0
839,V8/19,Baetidae,Turbidity,2.23,0.8045,1.3725,5.07,9.424,acute,1.0
840,BB1/9,Baetidae,COD,12.1,5.0,8.73,22.5,35.42,acute,1.0
841,BB2/9,Baetidae,COD,5.0,5.0,8.73,22.5,35.42,acute,0.0
842,BB3/9,Baetidae,COD,6.0,5.0,8.73,22.5,35.42,acute,0.268096514745
843,BB4/9,Baetidae,COD,60.0,5.0,8.73,22.5,35.42,acute,0.0
844,BH1/17,Baetidae,COD,22.4,5.0,8.73,22.5,35.42,acute,1.0
845,BH2/17,Baetidae,COD,21.4,5.0,8.73,22.5,35.42,acute,1.0
846,BH3/17,Baetidae,COD,16.84,5.0,8.73,22.5,35.42,acute,1.0
847,BH4/17,Baetidae,COD,22.6,5.0,8.73,22.5,35.42,acute,0.99226006192
848,BH5/17,Baetidae,COD,25.0,5.0,8.73,22.5,35.42,acute,0.806501547988
849,BH6/26,Baetidae,COD,18.2,5.0,8.73,22.5,35.42,acute,1.0
850,C1/20,Baetidae,COD,10.2,5.0,8.73,22.5,35.42,acute,1.0
851,C2/20,Baetidae,COD,13.6,5.0,8.73,22.5,35.42,acute,1.0
852,C3/20,Baetidae,COD,6.88,5.0,8.73,22.5,35.42,acute,0.504021447721
853,C4/20,Baetidae,COD,5.0,5.0,8.73,22.5,35.42,acute,0.0
854,C5/20,Baetidae,COD,5.0,5.0,8.73,22.5,35.42,acute,0.0
855,C6/20,Baetidae,COD,5.0,5.0,8.73,22.5,35.42,acute,0.0
856,C7/20,Baetidae,COD,9.81,5.0,8.73,22.5,35.42,acute,1.0
857,DS1/5,Baetidae,COD,15.0,5.0,8.73,22.5,35.42,acute,1.0
858,DS10/23,Baetidae,COD,5.0,5.0,8.73,22.5,35.42,acute,0.0
859,DS11/23,Baetidae,COD,12.6,5.0,8.73,22.5,35.42,acute,1.0
860,DS12/23,Baetidae,COD,8.64,5.0,8.73,22.5,35.42,acute,0.975871313673
861,DS13/23,Baetidae,COD,11.4,5.0,8.73,22.5,35.42,acute,1.0
862,DS14/24,Baetidae,COD,6.34,5.0,8.73,22.5,35.42,acute,0.359249329759
863,DS15/24,Baetidae,COD,5.2,5.0,8.73,22.5,35.42,acute,0.0536193029491
864,DS16/24,Baetidae,COD,25.0,5.0,8.73,22.5,35.42,acute,0.806501547988
865,DS17/24,Baetidae,COD,5.0,5.0,8.73,22.5,35.42,acute,0.0
866,DS18/24,Baetidae,COD,5.0,5.0,8.73,22.5,35.42,acute,0.0
867,DS19/24,Baetidae,COD,13.9,5.0,8.73,22.5,35.42,acute,1.0
868,DS2/5,Baetidae,COD,31.2,5.0,8.73,22.5,35.42,acute,0.326625386997
869,DS20/24,Baetidae,COD,5.0,5.0,8.73,22.5,35.42,acute,0.0
870,DS21/24,Baetidae,COD,9.67,5.0,8.73,22.5,35.42,acute,1.0
871,DS22/25,Baetidae,COD,24.8,5.0,8.73,22.5,35.42,acute,0.821981424149
872,DS23/25,Baetidae,COD,24.5,5.0,8.73,22.5,35.42,acute,0.84520123839
873,DS24/25,Baetidae,COD,22.2,5.0,8.73,22.5,35.42,acute,1.0
874,DS25/25,Baetidae,COD,20.2,5.0,8.73,22.5,35.42,acute,1.0
875,DS26/25,Baetidae,COD,20.5,5.0,8.73,22.5,35.42,acute,1.0
876,DS27/25,Baetidae,COD,26.1,5.0,8.73,22.5,35.42,acute,0.721362229102
877,DS28/25,Baetidae,COD,20.4,5.0,8.73,22.5,35.42,acute,1.0
878,DS29/26,Baetidae,COD,34.5,5.0,8.73,22.5,35.42,acute,0.0712074303406
879,DS3/5,Baetidae,COD,117.6,5.0,8.73,22.5,35.42,acute,0.0
880,DS30/26,Baetidae,COD,17.2,5.0,8.73,22.5,35.42,acute,1.0
881,DS31/26,Baetidae,COD,37.0,5.0,8.73,22.5,35.42,acute,0.0
882,DS32/26,Baetidae,COD,36.8,5.0,8.73,22.5,35.42,acute,0.0
883,DS33/26,Baetidae,COD,34.1,5.0,8.73,22.5,35.42,acute,0.102167182663
884,DS4/5,Baetidae,COD,26.8,5.0,8.73,22.5,35.42,acute,0.667182662539
885,DS5/5,Baetidae,COD,19.52,5.0,8.73,22.5,35.42,acute,1.0
886,DS6/5,Baetidae,COD,12.4,5.0,8.73,22.5,35.42,acute,1.0
887,DS7/23,Baetidae,COD,33.5,5.0,8.73,22.5,35.42,acute,0.148606811146
888,DS8/23,Baetidae,COD,12.9,5.0,8.73,22.5,35.42,acute,1.0
889,DS9/23,Baetidae,COD,7.57,5.0,8.73,22.5,35.42,acute,0.689008042895
890,M1/18,Baetidae,COD,5.0,5.0,8.73,22.5,35.42,acute,0.0
891,M2/18,Baetidae,COD,5.0,5.0,8.73,22.5,35.42,acute,0.0
892,M3/18,Baetidae,COD,6.3,5.0,8.73,22.5,35.42,acute,0.348525469169
893,M4/18,Baetidae,COD,5.0,5.0,8.73,22.5,35.42,acute,0.0
894,M5/18,Baetidae,COD,5.0,5.0,8.73,22.5,35.42,acute,0.0
895,M6/18,Baetidae,COD,11.2,5.0,8.73,22.5,35.42,acute,1.0
896,Q1/12,Baetidae,COD,48.8,5.0,8.73,22.5,35.42,acute,0.0
897,R1/6,Baetidae,COD,21.4,5.0,8.73,22.5,35.42,acute,1.0
898,R10/12,Baetidae,COD,21.9,5.0,8.73,22.5,35.42,acute,1.0
899,R11/12,Baetidae,COD,20.7,5.0,8.73,22.5,35.42,acute,1.0
900,R12/12,Baetidae,COD,19.2,5.0,8.73,22.5,35.42,acute,1.0
901,R13/12,Baetidae,COD,18.5,5.0,8.73,22.5,35.42,acute,1.0
902,R14/12,Baetidae,COD,23.4,5.0,8.73,22.5,35.42,acute,0.930340557276
903,R15/12,Baetidae,COD,21.4,5.0,8.73,22.5,35.42,acute,1.0
904,R16/12,Baetidae,COD,22.7,5.0,8.73,22.5,35.42,acute,0.984520123839
905,R17/12,Baetidae,COD,22.5,5.0,8.73,22.5,35.42,acute,1.0
906,R18/12,Baetidae,COD,21.4,5.0,8.73,22.5,35.42,acute,1.0
907,R2/6,Baetidae,COD,9.3,5.0,8.73,22.5,35.42,acute,1.0
908,R3/6,Baetidae,COD,13.9,5.0,8.73,22.5,35.42,acute,1.0
909,R4/6,Baetidae,COD,12.6,5.0,8.73,22.5,35.42,acute,1.0
910,R5/6,Baetidae,COD,9.96,5.0,8.73,22.5,35.42,acute,1.0
911,R6/6,Baetidae,COD,9.04,5.0,8.73,22.5,35.42,acute,1.0
912,R7/6,Baetidae,COD,10.36,5.0,8.73,22.5,35.42,acute,1.0
913,R8/6,Baetidae,COD,11.94,5.0,8.73,22.5,35.42,acute,1.0
914,R9/6,Baetidae,COD,9.3,5.0,8.73,22.5,35.42,acute,1.0
915,US1/10,Baetidae,COD,10.7,5.0,8.73,22.5,35.42,acute,1.0
916,US10/10,Baetidae,COD,5.24,5.0,8.73,22.5,35.42,acute,0.0643431635389
917,US11/11,Baetidae,COD,18.7,5.0,8.73,22.5,35.42,acute,1.0
918,US12/11,Baetidae,COD,18.2,5.0,8.73,22.5,35.42,acute,1.0
919,US13/11,Baetidae,COD,13.8,5.0,8.73,22.5,35.42,acute,1.0
920,US14/11,Baetidae,COD,21.7,5.0,8.73,22.5,35.42,acute,1.0
921,US15/11,Baetidae,COD,25.2,5.0,8.73,22.5,35.42,acute,0.791021671827
922,US16/11,Baetidae,COD,15.3,5.0,8.73,22.5,35.42,acute,1.0
923,US17/11,Baetidae,COD,13.6,5.0,8.73,22.5,35.42,acute,1.0
924,US2/10,Baetidae,COD,6.96,5.0,8.73,22.5,35.42,acute,0.525469168901
925,US3/10,Baetidae,COD,7.22,5.0,8.73,22.5,35.42,acute,0.595174262735
926,US4/10,Baetidae,COD,7.86,5.0,8.73,22.5,35.42,acute,0.766756032172
927,US5/10,Baetidae,COD,12.3,5.0,8.73,22.5,35.42,acute,1.0
928,US6/10,Baetidae,COD,6.96,5.0,8.73,22.5,35.42,acute,0.525469168901
929,US7/10,Baetidae,COD,10.1,5.0,8.73,22.5,35.42,acute,1.0
930,US8/10,Baetidae,COD,14.9,5.0,8.73,22.5,35.42,acute,1.0
931,US9/10,Baetidae,COD,60.0,5.0,8.73,22.5,35.42,acute,0.0
932,V1/19,Baetidae,COD,7.26,5.0,8.73,22.5,35.42,acute,0.605898123324
933,V2/19,Baetidae,COD,8.14,5.0,8.73,22.5,35.42,acute,0.8418230563
934,V3/19,Baetidae,COD,10.5,5.0,8.73,22.5,35.42,acute,1.0
935,V4/19,Baetidae,COD,5.0,5.0,8.73,22.5,35.42,acute,0.0
936,V5/19,Baetidae,COD,10.7,5.0,8.73,22.5,35.42,acute,1.0
937,V6/19,Baetidae,COD,8.73,5.0,8.73,22.5,35.42,acute,1.0
938,V7/19,Baetidae,COD,18.1,5.0,8.73,22.5,35.42,acute,1.0
939,V8/19,Baetidae,COD,7.25,5.0,8.73,22.5,35.42,acute,0.603217158177
940,BB1/9,Baetidae,NO3--N,0.5,0.23,0.23,0.29,0.639,acute,0.398280802292
941,BB2/9,Baetidae,NO3--N,0.33,0.23,0.23,0.29,0.639,acute,0.885386819484
942,BB3/9,Baetidae,NO3--N,0.27,0.23,0.23,0.29,0.639,acute,1.0
943,BB4/9,Baetidae,NO3--N,0.32,0.23,0.23,0.29,0.639,acute,0.914040114613
944,BH1/17,Baetidae,NO3--N,0.81,0.23,0.23,0.29,0.639,acute,0.0
945,BH2/17,Baetidae,NO3--N,0.26,0.23,0.23,0.29,0.639,acute,1.0
946,BH3/17,Baetidae,NO3--N,0.54,0.23,0.23,0.29,0.639,acute,0.283667621777
947,BH4/17,Baetidae,NO3--N,0.29,0.23,0.23,0.29,0.639,acute,1.0
948,BH5/17,Baetidae,NO3--N,0.23,0.23,0.23,0.29,0.639,acute,1.0
949,BH6/26,Baetidae,NO3--N,0.55,0.23,0.23,0.29,0.639,acute,0.255014326648
950,C1/20,Baetidae,NO3--N,0.23,0.23,0.23,0.29,0.639,acute,1.0
951,C2/20,Baetidae,NO3--N,0.23,0.23,0.23,0.29,0.639,acute,1.0
952,C3/20,Baetidae,NO3--N,0.23,0.23,0.23,0.29,0.639,acute,1.0
953,C4/20,Baetidae,NO3--N,0.23,0.23,0.23,0.29,0.639,acute,1.0
954,C5/20,Baetidae,NO3--N,0.23,0.23,0.23,0.29,0.639,acute,1.0
955,C6/20,Baetidae,NO3--N,0.23,0.23,0.23,0.29,0.639,acute,1.0
956,C7/20,Baetidae,NO3--N,0.23,0.23,0.23,0.29,0.639,acute,1.0
957,DS1/4,Baetidae,NO3--N,0.69,0.23,0.23,0.29,0.639,acute,0.0
958,DS1/5,Baetidae,NO3--N,0.24,0.23,0.23,0.29,0.639,acute,1.0
959,DS10/23,Baetidae,NO3--N,0.23,0.23,0.23,0.29,0.639,acute,1.0
960,DS11/23,Baetidae,NO3--N,0.23,0.23,0.23,0.29,0.639,acute,1.0
961,DS12/23,Baetidae,NO3--N,0.23,0.23,0.23,0.29,0.639,acute,1.0
962,DS13/23,Baetidae,NO3--N,0.31,0.23,0.23,0.29,0.639,acute,0.942693409742
963,DS14/24,Baetidae,NO3--N,0.62,0.23,0.23,0.29,0.639,acute,0.054441260745
964,DS15/24,Baetidae,NO3--N,0.23,0.23,0.23,0.29,0.639,acute,1.0
965,DS16/24,Baetidae,NO3--N,0.94,0.23,0.23,0.29,0.639,acute,0.0
966,DS17/24,Baetidae,NO3--N,1.63,0.23,0.23,0.29,0.639,acute,0.0
967,DS18/24,Baetidae,NO3--N,1.43,0.23,0.23,0.29,0.639,acute,0.0
968,DS19/24,Baetidae,NO3--N,0.23,0.23,0.23,0.29,0.639,acute,1.0
969,DS2/4,Baetidae,NO3--N,0.32,0.23,0.23,0.29,0.639,acute,0.914040114613
970,DS2/5,Baetidae,NO3--N,0.25,0.23,0.23,0.29,0.639,acute,1.0
971,DS20/24,Baetidae,NO3--N,0.57,0.23,0.23,0.29,0.639,acute,0.19770773639
972,DS21/24,Baetidae,NO3--N,0.58,0.23,0.23,0.29,0.639,acute,0.169054441261
973,DS22/25,Baetidae,NO3--N,0.61,0.23,0.23,0.29,0.639,acute,0.0830945558739
974,DS23/25,Baetidae,NO3--N,0.29,0.23,0.23,0.29,0.639,acute,1.0
975,DS24/25,Baetidae,NO3--N,0.95,0.23,0.23,0.29,0.639,acute,0.0
976,DS25/25,Baetidae,NO3--N,2.0,0.23,0.23,0.29,0.639,acute,0.0
977,DS26/25,Baetidae,NO3--N,1.41,0.23,0.23,0.29,0.639,acute,0.0
978,DS27/25,Baetidae,NO3--N,0.81,0.23,0.23,0.29,0.639,acute,0.0
979,DS28/25,Baetidae,NO3--N,0.23,0.23,0.23,0.29,0.639,acute,1.0
980,DS29/26,Baetidae,NO3--N,0.23,0.23,0.23,0.29,0.639,acute,1.0
981,DS3/4,Baetidae,NO3--N,0.35,0.23,0.23,0.29,0.639,acute,0.828080229226
982,DS3/5,Baetidae,NO3--N,0.32,0.23,0.23,0.29,0.639,acute,0.914040114613
983,DS30/26,Baetidae,NO3--N,0.23,0.23,0.23,0.29,0.639,acute,1.0
984,DS31/26,Baetidae,NO3--N,0.27,0.23,0.23,0.29,0.639,acute,1.0
985,DS32/26,Baetidae,NO3--N,0.23,0.23,0.23,0.29,0.639,acute,1.0
986,DS33/26,Baetidae,NO3--N,0.26,0.23,0.23,0.29,0.639,acute,1.0
987,DS4/4,Baetidae,NO3--N,0.44,0.23,0.23,0.29,0.639,acute,0.570200573066
988,DS4/5,Baetidae,NO3--N,0.23,0.23,0.23,0.29,0.639,acute,1.0
989,DS5/4,Baetidae,NO3--N,0.23,0.23,0.23,0.29,0.639,acute,1.0
990,DS5/5,Baetidae,NO3--N,0.23,0.23,0.23,0.29,0.639,acute,1.0
991,DS6/4,Baetidae,NO3--N,0.29,0.23,0.23,0.29,0.639,acute,1.0
992,DS6/5,Baetidae,NO3--N,0.23,0.23,0.23,0.29,0.639,acute,1.0
993,DS7/23,Baetidae,NO3--N,0.84,0.23,0.23,0.29,0.639,acute,0.0
994,DS8/23,Baetidae,NO3--N,0.23,0.23,0.23,0.29,0.639,acute,1.0
995,DS9/23,Baetidae,NO3--N,0.23,0.23,0.23,0.29,0.639,acute,1.0
996,M1/18,Baetidae,NO3--N,0.23,0.23,0.23,0.29,0.639,acute,1.0
997,M2/18,Baetidae,NO3--N,0.23,0.23,0.23,0.29,0.639,acute,1.0
998,M3/18,Baetidae,NO3--N,0.23,0.23,0.23,0.29,0.639,acute,1.0
999,M4/18,Baetidae,NO3--N,0.23,0.23,0.23,0.29,0.639,acute,1.0
1000,M5/18,Baetidae,NO3--N,0.23,0.23,0.23,0.29,0.639,acute,1.0
1001,M6/18,Baetidae,NO3--N,0.23,0.23,0.23,0.29,0.639,acute,1.0
1002,Q1/12,Baetidae,NO3--N,0.57,0.23,0.23,0.29,0.639,acute,0.19770773639
1003,R1/6,Baetidae,NO3--N,0.23,0.23,0.23,0.29,0.639,acute,1.0
1004,R10/12,Baetidae,NO3--N,0.23,0.23,0.23,0.29,0.639,acute,1.0
1005,R11/12,Baetidae,NO3--N,0.23,0.23,0.23,0.29,0.639,acute,1.0
1006,R12/12,Baetidae,NO3--N,0.23,0.23,0.23,0.29,0.639,acute,1.0
1007,R13/12,Baetidae,NO3--N,0.23,0.23,0.23,0.29,0.639,acute,1.0
1008,R14/12,Baetidae,NO3--N,0.23,0.23,0.23,0.29,0.639,acute,1.0
1009,R15/12,Baetidae,NO3--N,0.23,0.23,0.23,0.29,0.639,acute,1.0
1010,R16/12,Baetidae,NO3--N,0.23,0.23,0.23,0.29,0.639,acute,1.0
1011,R17/12,Baetidae,NO3--N,0.23,0.23,0.23,0.29,0.639,acute,1.0
1012,R18/12,Baetidae,NO3--N,0.23,0.23,0.23,0.29,0.639,acute,1.0
1013,R19/13,Baetidae,NO3--N,0.23,0.23,0.23,0.29,0.639,acute,1.0
1014,R2/6,Baetidae,NO3--N,0.23,0.23,0.23,0.29,0.639,acute,1.0
1015,R20/13,Baetidae,NO3--N,0.23,0.23,0.23,0.29,0.639,acute,1.0
1016,R21/13,Baetidae,NO3--N,0.23,0.23,0.23,0.29,0.639,acute,1.0
1017,R22/13,Baetidae,NO3--N,0.23,0.23,0.23,0.29,0.639,acute,1.0
1018,R23/13,Baetidae,NO3--N,0.23,0.23,0.23,0.29,0.639,acute,1.0
1019,R24/13,Baetidae,NO3--N,0.23,0.23,0.23,0.29,0.639,acute,1.0
1020,R25/13,Baetidae,NO3--N,0.24,0.23,0.23,0.29,0.639,acute,1.0
1021,R26/13,Baetidae,NO3--N,0.28,0.23,0.23,0.29,0.639,acute,1.0
1022,R27/13,Baetidae,NO3--N,0.23,0.23,0.23,0.29,0.639,acute,1.0
1023,R28/13,Baetidae,NO3--N,0.23,0.23,0.23,0.29,0.639,acute,1.0
1024,R29/13,Baetidae,NO3--N,0.26,0.23,0.23,0.29,0.639,acute,1.0
1025,R3/6,Baetidae,NO3--N,0.23,0.23,0.23,0.29,0.639,acute,1.0
1026,R30/13,Baetidae,NO3--N,0.23,0.23,0.23,0.29,0.639,acute,1.0
1027,R4/6,Baetidae,NO3--N,0.27,0.23,0.23,0.29,0.639,acute,1.0
1028,R5/6,Baetidae,NO3--N,0.31,0.23,0.23,0.29,0.639,acute,0.942693409742
1029,R6/6,Baetidae,NO3--N,0.23,0.23,0.23,0.29,0.639,acute,1.0
1030,R7/6,Baetidae,NO3--N,0.63,0.23,0.23,0.29,0.639,acute,0.025787965616
1031,R8/6,Baetidae,NO3--N,0.23,0.23,0.23,0.29,0.639,acute,1.0
1032,R9/6,Baetidae,NO3--N,0.23,0.23,0.23,0.29,0.639,acute,1.0
1033,US1/10,Baetidae,NO3--N,0.27,0.23,0.23,0.29,0.639,acute,1.0
1034,US10/10,Baetidae,NO3--N,0.29,0.23,0.23,0.29,0.639,acute,1.0
1035,US11/11,Baetidae,NO3--N,0.29,0.23,0.23,0.29,0.639,acute,1.0
1036,US12/11,Baetidae,NO3--N,0.64,0.23,0.23,0.29,0.639,acute,0.0
1037,US13/11,Baetidae,NO3--N,0.33,0.23,0.23,0.29,0.639,acute,0.885386819484
1038,US14/11,Baetidae,NO3--N,0.25,0.23,0.23,0.29,0.639,acute,1.0
1039,US15/11,Baetidae,NO3--N,0.35,0.23,0.23,0.29,0.639,acute,0.828080229226
1040,US16/11,Baetidae,NO3--N,0.58,0.23,0.23,0.29,0.639,acute,0.169054441261
1041,US17/11,Baetidae,NO3--N,0.75,0.23,0.23,0.29,0.639,acute,0.0
1042,US2/10,Baetidae,NO3--N,0.23,0.23,0.23,0.29,0.639,acute,1.0
1043,US3/10,Baetidae,NO3--N,0.8,0.23,0.23,0.29,0.639,acute,0.0
1044,US4/10,Baetidae,NO3--N,0.4,0.23,0.23,0.29,0.639,acute,0.684813753582
1045,US5/10,Baetidae,NO3--N,0.25,0.23,0.23,0.29,0.639,acute,1.0
1046,US6/10,Baetidae,NO3--N,0.33,0.23,0.23,0.29,0.639,acute,0.885386819484
1047,US7/10,Baetidae,NO3--N,0.23,0.23,0.23,0.29,0.639,acute,1.0
1048,US8/10,Baetidae,NO3--N,0.58,0.23,0.23,0.29,0.639,acute,0.169054441261
1049,US9/10,Baetidae,NO3--N,0.23,0.23,0.23,0.29,0.639,acute,1.0
1050,V1/19,Baetidae,NO3--N,0.23,0.23,0.23,0.29,0.639,acute,1.0
1051,V2/19,Baetidae,NO3--N,0.23,0.23,0.23,0.29,0.639,acute,1.0
1052,V3/19,Baetidae,NO3--N,0.55,0.23,0.23,0.29,0.639,acute,0.255014326648
1053,V4/19,Baetidae,NO3--N,0.23,0.23,0.23,0.29,0.639,acute,1.0
1054,V5/19,Baetidae,NO3--N,0.23,0.23,0.23,0.29,0.639,acute,1.0
1055,V6/19,Baetidae,NO3--N,0.23,0.23,0.23,0.29,0.639,acute,1.0
1056,V7/19,Baetidae,NO3--N,0.25,0.23,0.23,0.29,0.639,acute,1.0
1057,V8/19,Baetidae,NO3--N,0.23,0.23,0.23,0.29,0.639,acute,1.0
1058,BB1/9,Baetidae,NH4+-N,0.47,0.02,0.03,0.095,0.729,acute,0.408517350158
1059,BB2/9,Baetidae,NH4+-N,0.14,0.02,0.03,0.095,0.729,acute,0.929022082019
1060,BB3/9,Baetidae,NH4+-N,0.09,0.02,0.03,0.095,0.729,acute,1.0
1061,BB4/9,Baetidae,NH4+-N,0.04,0.02,0.03,0.095,0.729,acute,1.0
1062,BH1/17,Baetidae,NH4+-N,0.17,0.02,0.03,0.095,0.729,acute,0.881703470032
1063,BH2/17,Baetidae,NH4+-N,0.05,0.02,0.03,0.095,0.729,acute,1.0
1064,BH3/17,Baetidae,NH4+-N,0.04,0.02,0.03,0.095,0.729,acute,1.0
1065,BH4/17,Baetidae,NH4+-N,0.13,0.02,0.03,0.095,0.729,acute,0.944794952681
1066,BH5/17,Baetidae,NH4+-N,0.1,0.02,0.03,0.095,0.729,acute,0.992113564669
1067,BH6/26,Baetidae,NH4+-N,0.1,0.02,0.03,0.095,0.729,acute,0.992113564669
1068,C1/20,Baetidae,NH4+-N,0.04,0.02,0.03,0.095,0.729,acute,1.0
1069,C2/20,Baetidae,NH4+-N,0.11,0.02,0.03,0.095,0.729,acute,0.976340694006
1070,C3/20,Baetidae,NH4+-N,0.04,0.02,0.03,0.095,0.729,acute,1.0
1071,C4/20,Baetidae,NH4+-N,0.08,0.02,0.03,0.095,0.729,acute,1.0
1072,C5/20,Baetidae,NH4+-N,0.03,0.02,0.03,0.095,0.729,acute,1.0
1073,C6/20,Baetidae,NH4+-N,0.03,0.02,0.03,0.095,0.729,acute,1.0
1074,C7/20,Baetidae,NH4+-N,0.05,0.02,0.03,0.095,0.729,acute,1.0
1075,DS1/4,Baetidae,NH4+-N,0.26,0.02,0.03,0.095,0.729,acute,0.739747634069
1076,DS1/5,Baetidae,NH4+-N,0.24,0.02,0.03,0.095,0.729,acute,0.771293375394
1077,DS10/23,Baetidae,NH4+-N,0.04,0.02,0.03,0.095,0.729,acute,1.0
1078,DS11/23,Baetidae,NH4+-N,0.02,0.02,0.03,0.095,0.729,acute,0.0
1079,DS12/23,Baetidae,NH4+-N,0.04,0.02,0.03,0.095,0.729,acute,1.0
1080,DS13/23,Baetidae,NH4+-N,0.06,0.02,0.03,0.095,0.729,acute,1.0
1081,DS14/24,Baetidae,NH4+-N,0.06,0.02,0.03,0.095,0.729,acute,1.0
1082,DS15/24,Baetidae,NH4+-N,0.02,0.02,0.03,0.095,0.729,acute,0.0
1083,DS16/24,Baetidae,NH4+-N,0.03,0.02,0.03,0.095,0.729,acute,1.0
1084,DS17/24,Baetidae,NH4+-N,0.02,0.02,0.03,0.095,0.729,acute,0.0
1085,DS18/24,Baetidae,NH4+-N,0.03,0.02,0.03,0.095,0.729,acute,1.0
1086,DS19/24,Baetidae,NH4+-N,0.03,0.02,0.03,0.095,0.729,acute,1.0
1087,DS2/4,Baetidae,NH4+-N,0.25,0.02,0.03,0.095,0.729,acute,0.755520504732
1088,DS2/5,Baetidae,NH4+-N,0.25,0.02,0.03,0.095,0.729,acute,0.755520504732
1089,DS20/24,Baetidae,NH4+-N,0.02,0.02,0.03,0.095,0.729,acute,0.0
1090,DS21/24,Baetidae,NH4+-N,0.02,0.02,0.03,0.095,0.729,acute,0.0
1091,DS22/25,Baetidae,NH4+-N,0.09,0.02,0.03,0.095,0.729,acute,1.0
1092,DS23/25,Baetidae,NH4+-N,0.02,0.02,0.03,0.095,0.729,acute,0.0
1093,DS24/25,Baetidae,NH4+-N,0.03,0.02,0.03,0.095,0.729,acute,1.0
1094,DS25/25,Baetidae,NH4+-N,0.015,0.02,0.03,0.095,0.729,acute,0.0
1095,DS26/25,Baetidae,NH4+-N,0.03,0.02,0.03,0.095,0.729,acute,1.0
1096,DS27/25,Baetidae,NH4+-N,0.03,0.02,0.03,0.095,0.729,acute,1.0
1097,DS28/25,Baetidae,NH4+-N,0.04,0.02,0.03,0.095,0.729,acute,1.0
1098,DS29/26,Baetidae,NH4+-N,0.93,0.02,0.03,0.095,0.729,acute,0.0
1099,DS3/4,Baetidae,NH4+-N,0.07,0.02,0.03,0.095,0.729,acute,1.0
1100,DS3/5,Baetidae,NH4+-N,0.32,0.02,0.03,0.095,0.729,acute,0.645110410095
1101,DS30/26,Baetidae,NH4+-N,0.05,0.02,0.03,0.095,0.729,acute,1.0
1102,DS31/26,Baetidae,NH4+-N,0.74,0.02,0.03,0.095,0.729,acute,0.0
1103,DS32/26,Baetidae,NH4+-N,1.1,0.02,0.03,0.095,0.729,acute,0.0
1104,DS33/26,Baetidae,NH4+-N,1.26,0.02,0.03,0.095,0.729,acute,0.0
1105,DS4/4,Baetidae,NH4+-N,0.17,0.02,0.03,0.095,0.729,acute,0.881703470032
1106,DS4/5,Baetidae,NH4+-N,0.19,0.02,0.03,0.095,0.729,acute,0.850157728707
1107,DS5/4,Baetidae,NH4+-N,0.16,0.02,0.03,0.095,0.729,acute,0.897476340694
1108,DS5/5,Baetidae,NH4+-N,0.13,0.02,0.03,0.095,0.729,acute,0.944794952681
1109,DS6/4,Baetidae,NH4+-N,0.11,0.02,0.03,0.095,0.729,acute,0.976340694006
1110,DS6/5,Baetidae,NH4+-N,0.1,0.02,0.03,0.095,0.729,acute,0.992113564669
1111,DS7/23,Baetidae,NH4+-N,8.8,0.02,0.03,0.095,0.729,acute,0.0
1112,DS8/23,Baetidae,NH4+-N,0.02,0.02,0.03,0.095,0.729,acute,0.0
1113,DS9/23,Baetidae,NH4+-N,0.02,0.02,0.03,0.095,0.729,acute,0.0
1114,M1/18,Baetidae,NH4+-N,0.02,0.02,0.03,0.095,0.729,acute,0.0
1115,M2/18,Baetidae,NH4+-N,0.05,0.02,0.03,0.095,0.729,acute,1.0
1116,M3/18,Baetidae,NH4+-N,0.05,0.02,0.03,0.095,0.729,acute,1.0
1117,M4/18,Baetidae,NH4+-N,0.04,0.02,0.03,0.095,0.729,acute,1.0
1118,M5/18,Baetidae,NH4+-N,0.05,0.02,0.03,0.095,0.729,acute,1.0
1119,M6/18,Baetidae,NH4+-N,0.06,0.02,0.03,0.095,0.729,acute,1.0
1120,Q1/12,Baetidae,NH4+-N,1.89,0.02,0.03,0.095,0.729,acute,0.0
1121,R1/6,Baetidae,NH4+-N,0.11,0.02,0.03,0.095,0.729,acute,0.976340694006
1122,R10/12,Baetidae,NH4+-N,0.02,0.02,0.03,0.095,0.729,acute,0.0
1123,R11/12,Baetidae,NH4+-N,0.02,0.02,0.03,0.095,0.729,acute,0.0
1124,R12/12,Baetidae,NH4+-N,0.02,0.02,0.03,0.095,0.729,acute,0.0
1125,R13/12,Baetidae,NH4+-N,0.02,0.02,0.03,0.095,0.729,acute,0.0
1126,R14/12,Baetidae,NH4+-N,0.03,0.02,0.03,0.095,0.729,acute,1.0
1127,R15/12,Baetidae,NH4+-N,0.02,0.02,0.03,0.095,0.729,acute,0.0
1128,R16/12,Baetidae,NH4+-N,0.02,0.02,0.03,0.095,0.729,acute,0.0
1129,R17/12,Baetidae,NH4+-N,0.03,0.02,0.03,0.095,0.729,acute,1.0
1130,R18/12,Baetidae,NH4+-N,0.02,0.02,0.03,0.095,0.729,acute,0.0
1131,R19/13,Baetidae,NH4+-N,0.02,0.02,0.03,0.095,0.729,acute,0.0
1132,R2/6,Baetidae,NH4+-N,0.06,0.02,0.03,0.095,0.729,acute,1.0
1133,R20/13,Baetidae,NH4+-N,0.02,0.02,0.03,0.095,0.729,acute,0.0
1134,R21/13,Baetidae,NH4+-N,0.02,0.02,0.03,0.095,0.729,acute,0.0
1135,R22/13,Baetidae,NH4+-N,0.02,0.02,0.03,0.095,0.729,acute,0.0
1136,R23/13,Baetidae,NH4+-N,0.02,0.02,0.03,0.095,0.729,acute,0.0
1137,R24/13,Baetidae,NH4+-N,0.02,0.02,0.03,0.095,0.729,acute,0.0
1138,R25/13,Baetidae,NH4+-N,0.02,0.02,0.03,0.095,0.729,acute,0.0
1139,R26/13,Baetidae,NH4+-N,0.03,0.02,0.03,0.095,0.729,acute,1.0
1140,R27/13,Baetidae,NH4+-N,0.02,0.02,0.03,0.095,0.729,acute,0.0
1141,R28/13,Baetidae,NH4+-N,0.02,0.02,0.03,0.095,0.729,acute,0.0
1142,R29/13,Baetidae,NH4+-N,0.03,0.02,0.03,0.095,0.729,acute,1.0
1143,R3/6,Baetidae,NH4+-N,0.22,0.02,0.03,0.095,0.729,acute,0.802839116719
1144,R30/13,Baetidae,NH4+-N,0.02,0.02,0.03,0.095,0.729,acute,0.0
1145,R4/6,Baetidae,NH4+-N,0.27,0.02,0.03,0.095,0.729,acute,0.723974763407
1146,R5/6,Baetidae,NH4+-N,0.31,0.02,0.03,0.095,0.729,acute,0.660883280757
1147,R6/6,Baetidae,NH4+-N,0.22,0.02,0.03,0.095,0.729,acute,0.802839116719
1148,R7/6,Baetidae,NH4+-N,0.63,0.02,0.03,0.095,0.729,acute,0.156151419558
1149,R8/6,Baetidae,NH4+-N,0.12,0.02,0.03,0.095,0.729,acute,0.960567823344
1150,R9/6,Baetidae,NH4+-N,0.11,0.02,0.03,0.095,0.729,acute,0.976340694006
1151,US1/10,Baetidae,NH4+-N,0.15,0.02,0.03,0.095,0.729,acute,0.913249211356
1152,US10/10,Baetidae,NH4+-N,0.06,0.02,0.03,0.095,0.729,acute,1.0
1153,US11/11,Baetidae,NH4+-N,0.05,0.02,0.03,0.095,0.729,acute,1.0
1154,US12/11,Baetidae,NH4+-N,0.07,0.02,0.03,0.095,0.729,acute,1.0
1155,US13/11,Baetidae,NH4+-N,0.05,0.02,0.03,0.095,0.729,acute,1.0
1156,US14/11,Baetidae,NH4+-N,0.08,0.02,0.03,0.095,0.729,acute,1.0
1157,US15/11,Baetidae,NH4+-N,0.09,0.02,0.03,0.095,0.729,acute,1.0
1158,US16/11,Baetidae,NH4+-N,0.03,0.02,0.03,0.095,0.729,acute,1.0
1159,US17/11,Baetidae,NH4+-N,0.03,0.02,0.03,0.095,0.729,acute,1.0
1160,US2/10,Baetidae,NH4+-N,0.13,0.02,0.03,0.095,0.729,acute,0.944794952681
1161,US3/10,Baetidae,NH4+-N,0.09,0.02,0.03,0.095,0.729,acute,1.0
1162,US4/10,Baetidae,NH4+-N,0.1,0.02,0.03,0.095,0.729,acute,0.992113564669
1163,US5/10,Baetidae,NH4+-N,0.06,0.02,0.03,0.095,0.729,acute,1.0
1164,US6/10,Baetidae,NH4+-N,0.09,0.02,0.03,0.095,0.729,acute,1.0
1165,US7/10,Baetidae,NH4+-N,0.12,0.02,0.03,0.095,0.729,acute,0.960567823344
1166,US8/10,Baetidae,NH4+-N,0.13,0.02,0.03,0.095,0.729,acute,0.944794952681
1167,US9/10,Baetidae,NH4+-N,0.08,0.02,0.03,0.095,0.729,acute,1.0
1168,V1/19,Baetidae,NH4+-N,0.07,0.02,0.03,0.095,0.729,acute,1.0
1169,V2/19,Baetidae,NH4+-N,0.13,0.02,0.03,0.095,0.729,acute,0.944794952681
1170,V3/19,Baetidae,NH4+-N,0.06,0.02,0.03,0.095,0.729,acute,1.0
1171,V4/19,Baetidae,NH4+-N,0.05,0.02,0.03,0.095,0.729,acute,1.0
1172,V5/19,Baetidae,NH4+-N,0.07,0.02,0.03,0.095,0.729,acute,1.0
1173,V6/19,Baetidae,NH4+-N,0.07,0.02,0.03,0.095,0.729,acute,1.0
1174,V7/19,Baetidae,NH4+-N,0.07,0.02,0.03,0.095,0.729,acute,1.0
1175,V8/19,Baetidae,NH4+-N,0.05,0.02,0.03,0.095,0.729,acute,1.0
1176,BB1/9,Baetidae,velocity,0.0,0.0,0.0,0.4,0.7275,acute,1.0
1177,BB2/9,Baetidae,velocity,1.2,0.0,0.0,0.4,0.7275,acute,0.0
1178,BB3/9,Baetidae,velocity,0.6,0.0,0.0,0.4,0.7275,acute,0.389312977099
1179,BB4/9,Baetidae,velocity,0.2,0.0,0.0,0.4,0.7275,acute,1.0
1180,BH1/17,Baetidae,velocity,0.2,0.0,0.0,0.4,0.7275,acute,1.0
1181,BH2/17,Baetidae,velocity,0.0,0.0,0.0,0.4,0.7275,acute,1.0
1182,BH3/17,Baetidae,velocity,0.1,0.0,0.0,0.4,0.7275,acute,1.0
1183,BH4/17,Baetidae,velocity,0.15,0.0,0.0,0.4,0.7275,acute,1.0
1184,BH5/17,Baetidae,velocity,0.05,0.0,0.0,0.4,0.7275,acute,1.0
1185,BH6/26,Baetidae,velocity,0.15,0.0,0.0,0.4,0.7275,acute,1.0
1186,C1/20,Baetidae,velocity,0.3,0.0,0.0,0.4,0.7275,acute,1.0
1187,C2/20,Baetidae,velocity,0.1,0.0,0.0,0.4,0.7275,acute,1.0
1188,C3/20,Baetidae,velocity,0.3,0.0,0.0,0.4,0.7275,acute,1.0
1189,C4/20,Baetidae,velocity,0.75,0.0,0.0,0.4,0.7275,acute,0.0
1190,C5/20,Baetidae,velocity,0.8,0.0,0.0,0.4,0.7275,acute,0.0
1191,C6/20,Baetidae,velocity,0.75,0.0,0.0,0.4,0.7275,acute,0.0
1192,C7/20,Baetidae,velocity,1.5,0.0,0.0,0.4,0.7275,acute,0.0
1193,DPR4,Baetidae,velocity,0.0,0.0,0.0,0.4,0.7275,acute,1.0
1194,DPR5,Baetidae,velocity,0.0,0.0,0.0,0.4,0.7275,acute,1.0
1195,DS1/4,Baetidae,velocity,0.35,0.0,0.0,0.4,0.7275,acute,1.0
1196,DS1/5,Baetidae,velocity,0.3,0.0,0.0,0.4,0.7275,acute,1.0
1197,DS10/23,Baetidae,velocity,0.4,0.0,0.0,0.4,0.7275,acute,1.0
1198,DS11/23,Baetidae,velocity,0.2,0.0,0.0,0.4,0.7275,acute,1.0
1199,DS12/23,Baetidae,velocity,0.15,0.0,0.0,0.4,0.7275,acute,1.0
1200,DS13/23,Baetidae,velocity,0.4,0.0,0.0,0.4,0.7275,acute,1.0
1201,DS14/24,Baetidae,velocity,0.6,0.0,0.0,0.4,0.7275,acute,0.389312977099
1202,DS15/24,Baetidae,velocity,0.0,0.0,0.0,0.4,0.7275,acute,1.0
1203,DS16/24,Baetidae,velocity,0.6,0.0,0.0,0.4,0.7275,acute,0.389312977099
1204,DS17/24,Baetidae,velocity,0.45,0.0,0.0,0.4,0.7275,acute,0.847328244275
1205,DS18/24,Baetidae,velocity,0.4,0.0,0.0,0.4,0.7275,acute,1.0
1206,DS19/24,Baetidae,velocity,0.6,0.0,0.0,0.4,0.7275,acute,0.389312977099
1207,DS2/4,Baetidae,velocity,0.0,0.0,0.0,0.4,0.7275,acute,1.0
1208,DS2/5,Baetidae,velocity,0.5,0.0,0.0,0.4,0.7275,acute,0.69465648855
1209,DS20/24,Baetidae,velocity,1.0,0.0,0.0,0.4,0.7275,acute,0.0
1210,DS21/24,Baetidae,velocity,0.5,0.0,0.0,0.4,0.7275,acute,0.69465648855
1211,DS22/25,Baetidae,velocity,0.04,0.0,0.0,0.4,0.7275,acute,1.0
1212,DS23/25,Baetidae,velocity,0.35,0.0,0.0,0.4,0.7275,acute,1.0
1213,DS24/25,Baetidae,velocity,0.2,0.0,0.0,0.4,0.7275,acute,1.0
1214,DS25/25,Baetidae,velocity,0.3,0.0,0.0,0.4,0.7275,acute,1.0
1215,DS26/25,Baetidae,velocity,0.6,0.0,0.0,0.4,0.7275,acute,0.389312977099
1216,DS27/25,Baetidae,velocity,0.06,0.0,0.0,0.4,0.7275,acute,1.0
1217,DS28/25,Baetidae,velocity,0.03,0.0,0.0,0.4,0.7275,acute,1.0
1218,DS29/26,Baetidae,velocity,0.0,0.0,0.0,0.4,0.7275,acute,1.0
1219,DS3/4,Baetidae,velocity,0.2,0.0,0.0,0.4,0.7275,acute,1.0
1220,DS3/5,Baetidae,velocity,0.3,0.0,0.0,0.4,0.7275,acute,1.0
1221,DS30/26,Baetidae,velocity,0.2,0.0,0.0,0.4,0.7275,acute,1.0
1222,DS31/26,Baetidae,velocity,0.0,0.0,0.0,0.4,0.7275,acute,1.0
1223,DS32/26,Baetidae,velocity,0.0,0.0,0.0,0.4,0.7275,acute,1.0
1224,DS33/26,Baetidae,velocity,0.0,0.0,0.0,0.4,0.7275,acute,1.0
1225,DS4/4,Baetidae,velocity,0.2,0.0,0.0,0.4,0.7275,acute,1.0
1226,DS4/5,Baetidae,velocity,0.0,0.0,0.0,0.4,0.7275,acute,1.0
1227,DS5/4,Baetidae,velocity,0.2,0.0,0.0,0.4,0.7275,acute,1.0
1228,DS5/5,Baetidae,velocity,0.0,0.0,0.0,0.4,0.7275,acute,1.0
1229,DS6/4,Baetidae,velocity,0.25,0.0,0.0,0.4,0.7275,acute,1.0
1230,DS6/5,Baetidae,velocity,0.5,0.0,0.0,0.4,0.7275,acute,0.69465648855
1231,DS7/23,Baetidae,velocity,0.0,0.0,0.0,0.4,0.7275,acute,1.0
1232,DS8/23,Baetidae,velocity,0.1,0.0,0.0,0.4,0.7275,acute,1.0
1233,DS9/23,Baetidae,velocity,0.1,0.0,0.0,0.4,0.7275,acute,1.0
1234,M1/18,Baetidae,velocity,0.5,0.0,0.0,0.4,0.7275,acute,0.69465648855
1235,M2/18,Baetidae,velocity,0.6,0.0,0.0,0.4,0.7275,acute,0.389312977099
1236,M3/18,Baetidae,velocity,0.5,0.0,0.0,0.4,0.7275,acute,0.69465648855
1237,M4/18,Baetidae,velocity,0.4,0.0,0.0,0.4,0.7275,acute,1.0
1238,M5/18,Baetidae,velocity,0.5,0.0,0.0,0.4,0.7275,acute,0.69465648855
1239,M6/18,Baetidae,velocity,0.5,0.0,0.0,0.4,0.7275,acute,0.69465648855
1240,Q1/12,Baetidae,velocity,0.25,0.0,0.0,0.4,0.7275,acute,1.0
1241,R1/6,Baetidae,velocity,0.0,0.0,0.0,0.4,0.7275,acute,1.0
1242,R10/12,Baetidae,velocity,0.0,0.0,0.0,0.4,0.7275,acute,1.0
1243,R11/12,Baetidae,velocity,0.0,0.0,0.0,0.4,0.7275,acute,1.0
1244,R12/12,Baetidae,velocity,0.0,0.0,0.0,0.4,0.7275,acute,1.0
1245,R13/12,Baetidae,velocity,0.0,0.0,0.0,0.4,0.7275,acute,1.0
1246,R14/12,Baetidae,velocity,0.0,0.0,0.0,0.4,0.7275,acute,1.0
1247,R15/12,Baetidae,velocity,0.0,0.0,0.0,0.4,0.7275,acute,1.0
1248,R16/12,Baetidae,velocity,0.0,0.0,0.0,0.4,0.7275,acute,1.0
1249,R17/12,Baetidae,velocity,0.0,0.0,0.0,0.4,0.7275,acute,1.0
1250,R18/12,Baetidae,velocity,0.0,0.0,0.0,0.4,0.7275,acute,1.0
1251,R19/13,Baetidae,velocity,0.0,0.0,0.0,0.4,0.7275,acute,1.0
1252,R2/6,Baetidae,velocity,0.0,0.0,0.0,0.4,0.7275,acute,1.0
1253,R20/13,Baetidae,velocity,0.0,0.0,0.0,0.4,0.7275,acute,1.0
1254,R21/13,Baetidae,velocity,0.0,0.0,0.0,0.4,0.7275,acute,1.0
1255,R22/13,Baetidae,velocity,0.0,0.0,0.0,0.4,0.7275,acute,1.0
1256,R23/13,Baetidae,velocity,0.0,0.0,0.0,0.4,0.7275,acute,1.0
1257,R24/13,Baetidae,velocity,0.0,0.0,0.0,0.4,0.7275,acute,1.0
1258,R25/13,Baetidae,velocity,0.0,0.0,0.0,0.4,0.7275,acute,1.0
1259,R26/13,Baetidae,velocity,0.0,0.0,0.0,0.4,0.7275,acute,1.0
1260,R27/13,Baetidae,velocity,0.0,0.0,0.0,0.4,0.7275,acute,1.0
1261,R28/13,Baetidae,velocity,0.0,0.0,0.0,0.4,0.7275,acute,1.0
1262,R29/13,Baetidae,velocity,0.0,0.0,0.0,0.4,0.7275,acute,1.0
1263,R3/6,Baetidae,velocity,0.0,0.0,0.0,0.4,0.7275,acute,1.0
1264,R30/13,Baetidae,velocity,0.0,0.0,0.0,0.4,0.7275,acute,1.0
1265,R4/6,Baetidae,velocity,0.0,0.0,0.0,0.4,0.7275,acute,1.0
1266,R5/6,Baetidae,velocity,0.0,0.0,0.0,0.4,0.7275,acute,1.0
1267,R6/6,Baetidae,velocity,0.0,0.0,0.0,0.4,0.7275,acute,1.0
1268,R7/6,Baetidae,velocity,0.0,0.0,0.0,0.4,0.7275,acute,1.0
1269,R8/6,Baetidae,velocity,0.0,0.0,0.0,0.4,0.7275,acute,1.0
1270,R9/6,Baetidae,velocity,0.0,0.0,0.0,0.4,0.7275,acute,1.0
1271,US1/10,Baetidae,velocity,0.12,0.0,0.0,0.4,0.7275,acute,1.0
1272,US10/10,Baetidae,velocity,0.7,0.0,0.0,0.4,0.7275,acute,0.0839694656489
1273,US11/11,Baetidae,velocity,0.12,0.0,0.0,0.4,0.7275,acute,1.0
1274,US12/11,Baetidae,velocity,0.27,0.0,0.0,0.4,0.7275,acute,1.0
1275,US13/11,Baetidae,velocity,0.06,0.0,0.0,0.4,0.7275,acute,1.0
1276,US14/11,Baetidae,velocity,0.5,0.0,0.0,0.4,0.7275,acute,0.69465648855
1277,US15/11,Baetidae,velocity,0.15,0.0,0.0,0.4,0.7275,acute,1.0
1278,US16/11,Baetidae,velocity,0.5,0.0,0.0,0.4,0.7275,acute,0.69465648855
1279,US17/11,Baetidae,velocity,0.8,0.0,0.0,0.4,0.7275,acute,0.0
1280,US2/10,Baetidae,velocity,0.05,0.0,0.0,0.4,0.7275,acute,1.0
1281,US3/10,Baetidae,velocity,0.2,0.0,0.0,0.4,0.7275,acute,1.0
1282,US4/10,Baetidae,velocity,0.6,0.0,0.0,0.4,0.7275,acute,0.389312977099
1283,US5/10,Baetidae,velocity,0.45,0.0,0.0,0.4,0.7275,acute,0.847328244275
1284,US6/10,Baetidae,velocity,0.09,0.0,0.0,0.4,0.7275,acute,1.0
1285,US7/10,Baetidae,velocity,0.2,0.0,0.0,0.4,0.7275,acute,1.0
1286,US8/10,Baetidae,velocity,0.0,0.0,0.0,0.4,0.7275,acute,1.0
1287,US9/10,Baetidae,velocity,0.33,0.0,0.0,0.4,0.7275,acute,1.0
1288,V1/19,Baetidae,velocity,0.4,0.0,0.0,0.4,0.7275,acute,1.0
1289,V2/19,Baetidae,velocity,0.3,0.0,0.0,0.4,0.7275,acute,1.0
1290,V3/19,Baetidae,velocity,0.03,0.0,0.0,0.4,0.7275,acute,1.0
1291,V4/19,Baetidae,velocity,0.45,0.0,0.0,0.4,0.7275,acute,0.847328244275
1292,V5/19,Baetidae,velocity,0.6,0.0,0.0,0.4,0.7275,acute,0.389312977099
1293,V6/19,Baetidae,velocity,0.35,0.0,0.0,0.4,0.7275,acute,1.0
1294,V7/19,Baetidae,velocity,0.2,0.0,0.0,0.4,0.7275,acute,1.0
1295,V8/19,Baetidae,velocity,0.12,0.0,0.0,0.4,0.7275,acute,1.0
1296,BB1/9,Baetidae,Elevation,162.0,10.2,43.5,165.0,581.25,acute,1.0
1297,BB2/9,Baetidae,Elevation,134.0,10.2,43.5,165.0,581.25,acute,1.0
1298,BB3/9,Baetidae,Elevation,141.0,10.2,43.5,165.0,581.25,acute,1.0
1299,BB4/9,Baetidae,Elevation,287.0,10.2,43.5,165.0,581.25,acute,0.706906906907
1300,BH1/17,Baetidae,Elevation,18.0,10.2,43.5,165.0,581.25,acute,0.234234234234
1301,BH2/17,Baetidae,Elevation,6.0,10.2,43.5,165.0,581.25,acute,0.0
1302,BH3/17,Baetidae,Elevation,9.0,10.2,43.5,165.0,581.25,acute,0.0
1303,BH4/17,Baetidae,Elevation,14.0,10.2,43.5,165.0,581.25,acute,0.114114114114
1304,BH5/17,Baetidae,Elevation,3.0,10.2,43.5,165.0,581.25,acute,0.0
1305,BH6/26,Baetidae,Elevation,2.0,10.2,43.5,165.0,581.25,acute,0.0
1306,C1/20,Baetidae,Elevation,30.0,10.2,43.5,165.0,581.25,acute,0.594594594595
1307,C2/20,Baetidae,Elevation,20.0,10.2,43.5,165.0,581.25,acute,0.294294294294
1308,C3/20,Baetidae,Elevation,138.0,10.2,43.5,165.0,581.25,acute,1.0
1309,C4/20,Baetidae,Elevation,324.0,10.2,43.5,165.0,581.25,acute,0.618018018018
1310,C5/20,Baetidae,Elevation,600.0,10.2,43.5,165.0,581.25,acute,0.0
1311,C6/20,Baetidae,Elevation,870.0,10.2,43.5,165.0,581.25,acute,0.0
1312,C7/20,Baetidae,Elevation,834.0,10.2,43.5,165.0,581.25,acute,0.0
1313,DPR4,Baetidae,Elevation,101.0,10.2,43.5,165.0,581.25,acute,1.0
1314,DPR5,Baetidae,Elevation,105.0,10.2,43.5,165.0,581.25,acute,1.0
1315,DS1/4,Baetidae,Elevation,16.0,10.2,43.5,165.0,581.25,acute,0.174174174174
1316,DS1/5,Baetidae,Elevation,32.0,10.2,43.5,165.0,581.25,acute,0.654654654655
1317,DS10/23,Baetidae,Elevation,63.0,10.2,43.5,165.0,581.25,acute,1.0
1318,DS11/23,Baetidae,Elevation,56.0,10.2,43.5,165.0,581.25,acute,1.0
1319,DS12/23,Baetidae,Elevation,57.0,10.2,43.5,165.0,581.25,acute,1.0
1320,DS13/23,Baetidae,Elevation,63.0,10.2,43.5,165.0,581.25,acute,1.0
1321,DS14/24,Baetidae,Elevation,61.0,10.2,43.5,165.0,581.25,acute,1.0
1322,DS15/24,Baetidae,Elevation,71.0,10.2,43.5,165.0,581.25,acute,1.0
1323,DS16/24,Baetidae,Elevation,71.0,10.2,43.5,165.0,581.25,acute,1.0
1324,DS17/24,Baetidae,Elevation,84.0,10.2,43.5,165.0,581.25,acute,1.0
1325,DS18/24,Baetidae,Elevation,94.0,10.2,43.5,165.0,581.25,acute,1.0
1326,DS19/24,Baetidae,Elevation,475.0,10.2,43.5,165.0,581.25,acute,0.255255255255
1327,DS2/4,Baetidae,Elevation,63.0,10.2,43.5,165.0,581.25,acute,1.0
1328,DS2/5,Baetidae,Elevation,22.0,10.2,43.5,165.0,581.25,acute,0.354354354354
1329,DS20/24,Baetidae,Elevation,324.0,10.2,43.5,165.0,581.25,acute,0.618018018018
1330,DS21/24,Baetidae,Elevation,313.0,10.2,43.5,165.0,581.25,acute,0.644444444444
1331,DS22/25,Baetidae,Elevation,17.0,10.2,43.5,165.0,581.25,acute,0.204204204204
1332,DS23/25,Baetidae,Elevation,17.0,10.2,43.5,165.0,581.25,acute,0.204204204204
1333,DS24/25,Baetidae,Elevation,81.0,10.2,43.5,165.0,581.25,acute,1.0
1334,DS25/25,Baetidae,Elevation,88.0,10.2,43.5,165.0,581.25,acute,1.0
1335,DS26/25,Baetidae,Elevation,84.0,10.2,43.5,165.0,581.25,acute,1.0
1336,DS27/25,Baetidae,Elevation,47.0,10.2,43.5,165.0,581.25,acute,1.0
1337,DS28/25,Baetidae,Elevation,40.0,10.2,43.5,165.0,581.25,acute,0.894894894895
1338,DS29/26,Baetidae,Elevation,9.0,10.2,43.5,165.0,581.25,acute,0.0
1339,DS3/4,Baetidae,Elevation,22.0,10.2,43.5,165.0,581.25,acute,0.354354354354
1340,DS3/5,Baetidae,Elevation,47.0,10.2,43.5,165.0,581.25,acute,1.0
1341,DS30/26,Baetidae,Elevation,19.0,10.2,43.5,165.0,581.25,acute,0.264264264264
1342,DS31/26,Baetidae,Elevation,27.0,10.2,43.5,165.0,581.25,acute,0.504504504505
1343,DS32/26,Baetidae,Elevation,9.0,10.2,43.5,165.0,581.25,acute,0.0
1344,DS33/26,Baetidae,Elevation,5.0,10.2,43.5,165.0,581.25,acute,0.0
1345,DS4/4,Baetidae,Elevation,26.0,10.2,43.5,165.0,581.25,acute,0.474474474474
1346,DS4/5,Baetidae,Elevation,62.0,10.2,43.5,165.0,581.25,acute,1.0
1347,DS5/4,Baetidae,Elevation,12.0,10.2,43.5,165.0,581.25,acute,0.0540540540541
1348,DS5/5,Baetidae,Elevation,42.0,10.2,43.5,165.0,581.25,acute,0.954954954955
1349,DS6/4,Baetidae,Elevation,3.0,10.2,43.5,165.0,581.25,acute,0.0
1350,DS6/5,Baetidae,Elevation,32.0,10.2,43.5,165.0,581.25,acute,0.654654654655
1351,DS7/23,Baetidae,Elevation,45.0,10.2,43.5,165.0,581.25,acute,1.0
1352,DS8/23,Baetidae,Elevation,64.0,10.2,43.5,165.0,581.25,acute,1.0
1353,DS9/23,Baetidae,Elevation,87.0,10.2,43.5,165.0,581.25,acute,1.0
1354,M1/18,Baetidae,Elevation,408.0,10.2,43.5,165.0,581.25,acute,0.416216216216
1355,M2/18,Baetidae,Elevation,466.0,10.2,43.5,165.0,581.25,acute,0.276876876877
1356,M3/18,Baetidae,Elevation,825.0,10.2,43.5,165.0,581.25,acute,0.0
1357,M4/18,Baetidae,Elevation,866.0,10.2,43.5,165.0,581.25,acute,0.0
1358,M5/18,Baetidae,Elevation,1075.0,10.2,43.5,165.0,581.25,acute,0.0
1359,M6/18,Baetidae,Elevation,87.0,10.2,43.5,165.0,581.25,acute,1.0
1360,Q1/12,Baetidae,Elevation,55.0,10.2,43.5,165.0,581.25,acute,1.0
1361,R1/6,Baetidae,Elevation,80.0,10.2,43.5,165.0,581.25,acute,1.0
1362,R10/12,Baetidae,Elevation,86.0,10.2,43.5,165.0,581.25,acute,1.0
1363,R11/12,Baetidae,Elevation,87.0,10.2,43.5,165.0,581.25,acute,1.0
1364,R12/12,Baetidae,Elevation,96.0,10.2,43.5,165.0,581.25,acute,1.0
1365,R13/12,Baetidae,Elevation,84.0,10.2,43.5,165.0,581.25,acute,1.0
1366,R14/12,Baetidae,Elevation,100.0,10.2,43.5,165.0,581.25,acute,1.0
1367,R15/12,Baetidae,Elevation,86.0,10.2,43.5,165.0,581.25,acute,1.0
1368,R16/12,Baetidae,Elevation,83.0,10.2,43.5,165.0,581.25,acute,1.0
1369,R17/12,Baetidae,Elevation,87.0,10.2,43.5,165.0,581.25,acute,1.0
1370,R18/12,Baetidae,Elevation,80.0,10.2,43.5,165.0,581.25,acute,1.0
1371,R19/13,Baetidae,Elevation,81.0,10.2,43.5,165.0,581.25,acute,1.0
1372,R2/6,Baetidae,Elevation,87.0,10.2,43.5,165.0,581.25,acute,1.0
1373,R20/13,Baetidae,Elevation,78.0,10.2,43.5,165.0,581.25,acute,1.0
1374,R21/13,Baetidae,Elevation,71.0,10.2,43.5,165.0,581.25,acute,1.0
1375,R22/13,Baetidae,Elevation,88.0,10.2,43.5,165.0,581.25,acute,1.0
1376,R23/13,Baetidae,Elevation,82.0,10.2,43.5,165.0,581.25,acute,1.0
1377,R24/13,Baetidae,Elevation,80.0,10.2,43.5,165.0,581.25,acute,1.0
1378,R25/13,Baetidae,Elevation,84.0,10.2,43.5,165.0,581.25,acute,1.0
1379,R26/13,Baetidae,Elevation,78.0,10.2,43.5,165.0,581.25,acute,1.0
1380,R27/13,Baetidae,Elevation,74.0,10.2,43.5,165.0,581.25,acute,1.0
1381,R28/13,Baetidae,Elevation,73.0,10.2,43.5,165.0,581.25,acute,1.0
1382,R29/13,Baetidae,Elevation,78.0,10.2,43.5,165.0,581.25,acute,1.0
1383,R3/6,Baetidae,Elevation,84.0,10.2,43.5,165.0,581.25,acute,1.0
1384,R30/13,Baetidae,Elevation,82.0,10.2,43.5,165.0,581.25,acute,1.0
1385,R4/6,Baetidae,Elevation,76.0,10.2,43.5,165.0,581.25,acute,1.0
1386,R5/6,Baetidae,Elevation,86.0,10.2,43.5,165.0,581.25,acute,1.0
1387,R6/6,Baetidae,Elevation,80.0,10.2,43.5,165.0,581.25,acute,1.0
1388,R7/6,Baetidae,Elevation,78.0,10.2,43.5,165.0,581.25,acute,1.0
1389,R8/6,Baetidae,Elevation,82.0,10.2,43.5,165.0,581.25,acute,1.0
1390,R9/6,Baetidae,Elevation,88.0,10.2,43.5,165.0,581.25,acute,1.0
1391,US1/10,Baetidae,Elevation,183.0,10.2,43.5,165.0,581.25,acute,0.956756756757
1392,US10/10,Baetidae,Elevation,111.0,10.2,43.5,165.0,581.25,acute,1.0
1393,US11/11,Baetidae,Elevation,196.0,10.2,43.5,165.0,581.25,acute,0.925525525526
1394,US12/11,Baetidae,Elevation,208.0,10.2,43.5,165.0,581.25,acute,0.896696696697
1395,US13/11,Baetidae,Elevation,198.0,10.2,43.5,165.0,581.25,acute,0.920720720721
1396,US14/11,Baetidae,Elevation,188.0,10.2,43.5,165.0,581.25,acute,0.944744744745
1397,US15/11,Baetidae,Elevation,165.0,10.2,43.5,165.0,581.25,acute,1.0
1398,US16/11,Baetidae,Elevation,200.0,10.2,43.5,165.0,581.25,acute,0.915915915916
1399,US17/11,Baetidae,Elevation,204.0,10.2,43.5,165.0,581.25,acute,0.906306306306
1400,US2/10,Baetidae,Elevation,158.0,10.2,43.5,165.0,581.25,acute,1.0
1401,US3/10,Baetidae,Elevation,160.0,10.2,43.5,165.0,581.25,acute,1.0
1402,US4/10,Baetidae,Elevation,170.0,10.2,43.5,165.0,581.25,acute,0.987987987988
1403,US5/10,Baetidae,Elevation,177.0,10.2,43.5,165.0,581.25,acute,0.971171171171
1404,US6/10,Baetidae,Elevation,165.0,10.2,43.5,165.0,581.25,acute,1.0
1405,US7/10,Baetidae,Elevation,154.0,10.2,43.5,165.0,581.25,acute,1.0
1406,US8/10,Baetidae,Elevation,135.0,10.2,43.5,165.0,581.25,acute,1.0
1407,US9/10,Baetidae,Elevation,107.0,10.2,43.5,165.0,581.25,acute,1.0
1408,V1/19,Baetidae,Elevation,19.0,10.2,43.5,165.0,581.25,acute,0.264264264264
1409,V2/19,Baetidae,Elevation,66.0,10.2,43.5,165.0,581.25,acute,1.0
1410,V3/19,Baetidae,Elevation,56.0,10.2,43.5,165.0,581.25,acute,1.0
1411,V4/19,Baetidae,Elevation,91.0,10.2,43.5,165.0,581.25,acute,1.0
1412,V5/19,Baetidae,Elevation,134.0,10.2,43.5,165.0,581.25,acute,1.0
1413,V6/19,Baetidae,Elevation,71.0,10.2,43.5,165.0,581.25,acute,1.0
1414,V7/19,Baetidae,Elevation,44.0,10.2,43.5,165.0,581.25,acute,1.0
1415,V8/19,Baetidae,Elevation,37.0,10.2,43.5,165.0,581.25,acute,0.804804804805
